person, question, group, truth, anchor, highOrLow, estimate
1, 1, 2, 1983, 1970, 2, 1990
2, 1, 2, 1983, 1970, 2, 1988
3, 1, 2, 1983, 1970, 2, 1990
4, 1, 2, 1983, 1970, 2, 1985
5, 1, 2, 1983, 1970, 2, 1980
6, 1, 2, 1983, 1970, 2, 1980
7, 1, 2, 1983, 1970, 2, 1990
8, 1, 2, 1983, 1970, 2, 1980
9, 1, 2, 1983, 1970, 2, 1980
10, 1, 2, 1983, 1970, 2, 1975
11, 1, 2, 1983, 1970, 2, 1985
12, 1, 2, 1983, 1970, 2, 1989
13, 1, 2, 1983, 1970, 2, 1980
14, 1, 2, 1983, 1970, 2, 1989
15, 1, 2, 1983, 1970, 2, 1974
16, 1, 2, 1983, 1970, 2, 1995
17, 1, 2, 1983, 1970, 2, 1982
18, 1, 2, 1983, 1970, 2, 2000
19, 1, 2, 1983, 1970, 2, 1995
20, 1, 2, 1983, 1970, 2, 1977
21, 1, 2, 1983, 1970, 2, 1982
22, 1, 2, 1983, 1970, 2, 1982
23, 1, 2, 1983, 1970, 2, 1980
24, 1, 2, 1983, 1970, 2, 1992
25, 1, 2, 1983, 1970, 2, 1987
26, 1, 2, 1983, 1970, 2, 2003
27, 1, 2, 1983, 1970, 2, 1991
28, 1, 2, 1983, 1970, 2, 1973
29, 1, 2, 1983, 1970, 2, 1985
30, 1, 2, 1983, 1970, 1, 1969
31, 1, 2, 1983, 1970, 2, 1982
32, 1, 2, 1983, 1970, 2, 1980
33, 1, 2, 1983, 1970, 2, 1984
34, 1, 2, 1983, 1970, 2, 1990
35, 1, 2, 1983, 1970, 2, 1980
36, 1, 2, 1983, 1970, 2, 1999
37, 1, 2, 1983, 1970, 2, 1975
38, 1, 2, 1983, 1970, 2, 1980
39, 1, 2, 1983, 1970, 2, 1983
40, 1, 2, 1983, 1970, 2, 1983
41, 1, 2, 1983, 1970, 2, 1982
42, 1, 2, 1983, 1970, 2, 2000
43, 1, 2, 1983, 1970, 1, 1967
44, 1, 2, 1983, 1970, 2, 1980
45, 1, 2, 1983, 1970, 2, 1979
46, 1, 2, 1983, 1970, 2, 1989
47, 1, 2, 1983, 1970, 2, 1990
48, 1, 2, 1983, 1970, 2, 1985
49, 1, 2, 1983, 1970, 2, 1980
50, 1, 2, 1983, 1970, 2, 1985
51, 1, 2, 1983, 1970, 2, 1990
52, 1, 2, 1983, 1970, 2, 1980
53, 1, 2, 1983, 1970, 2, 1980
54, 1, 2, 1983, 1970, 2, 1985
55, 1, 2, 1983, 1970, 2, 1980
56, 1, 2, 1983, 1970, 2, 1994
57, 1, 2, 1983, 1970, 2, 1982
58, 1, 2, 1983, 1970, 2, 1973
59, 1, 2, 1983, 1970, 2, 1980
60, 1, 2, 1983, 1970, 2, 1989
61, 1, 2, 1983, 1970, 2, 1980
62, 1, 2, 1983, 1970, 2, 1975
63, 1, 2, 1983, 1970, 2, 1990
64, 1, 2, 1983, 1970, 2, 1980
65, 1, 2, 1983, 1970, 2, 1998
66, 1, 2, 1983, 1970, 2, 1988
67, 1, 2, 1983, 1970, 2, 1990
68, 1, 2, 1983, 1970, 2, 1980
69, 1, 2, 1983, 1970, 2, 1993
70, 1, 2, 1983, 1970, 2, 1987
71, 1, 2, 1983, 1970, 2, 1992
72, 1, 2, 1983, 1970, 2, 2003
73, 1, 2, 1983, 1970, 2, 1980
74, 1, 1, 1983, 1990, 1, 1980
75, 1, 1, 1983, 1990, 1, 1986
76, 1, 1, 1983, 1990, 2, 1995
77, 1, 1, 1983, 1990, 1, 1989
78, 1, 1, 1983, 1990, 2, 2005
79, 1, 1, 1983, 1990, 1, 1982
80, 1, 1, 1983, 1990, 1, 1984
81, 1, 1, 1983, 1990, 2, 1995
82, 1, 1, 1983, 1990, 1, 1980
83, 1, 1, 1983, 1990, 2, 1993
84, 1, 1, 1983, 1990, 1, 1982
85, 1, 1, 1983, 1990, 2, 1994
86, 1, 1, 1983, 1990, 1, 1985
87, 1, 1, 1983, 1990, 2, 1991
88, 1, 1, 1983, 1990, 1, 1980
89, 1, 1, 1983, 1990, 1, 1985
90, 1, 1, 1983, 1990, 2, 1995
91, 1, 1, 1983, 1990, 1, 1988
92, 1, 1, 1983, 1990, 1, 1980
93, 1, 1, 1983, 1990, 2, 1992
94, 1, 1, 1983, 1990, 1, 1985
96, 1, 1, 1983, 1990, 2, 1998
97, 1, 1, 1983, 1990, 1, 1980
98, 1, 1, 1983, 1990, 1, 1981
99, 1, 1, 1983, 1990, 2, 1991
100, 1, 1, 1983, 1990, 2, 1998
101, 1, 1, 1983, 1990, 2, 1995
102, 1, 1, 1983, 1990, 2, 1998
103, 1, 1, 1983, 1990, 1, 1986
104, 1, 1, 1983, 1990, 1, 1983
105, 1, 1, 1983, 1990, 2, 2005
106, 1, 1, 1983, 1990, 1, 1983
107, 1, 1, 1983, 1990, 1, 1980
108, 1, 1, 1983, 1990, 2, 1992
109, 1, 1, 1983, 1990, 2, 1964
110, 1, 1, 1983, 1990, 2, 2005
111, 1, 1, 1983, 1990, 1, 1988
112, 1, 1, 1983, 1990, 2, 1995
113, 1, 1, 1983, 1990, 1, 1985
114, 1, 1, 1983, 1990, 1, 1986
115, 1, 1, 1983, 1990, 1, 1982
116, 1, 1, 1983, 1990, 2, 1992
117, 1, 1, 1983, 1990, 1, 1985
118, 1, 1, 1983, 1990, 1, 1987
119, 1, 1, 1983, 1990, 1, 1985
120, 1, 1, 1983, 1990, 1, 1982
121, 1, 1, 1983, 1990, 1, 1985
122, 1, 1, 1983, 1990, 1, 1985
123, 1, 1, 1983, 1990, 2, 2002
124, 1, 1, 1983, 1990, 1, 1985
125, 1, 1, 1983, 1990, 1, 1984
126, 1, 1, 1983, 1990, 1, 1980
127, 1, 1, 1983, 1990, 2, 1991
128, 1, 1, 1983, 1990, 1, 1985
129, 1, 1, 1983, 1990, 1, 1989
130, 1, 1, 1983, 1990, 2, 1995
131, 1, 1, 1983, 1990, 2, 1995
132, 1, 1, 1983, 1990, 2, 1995
133, 1, 1, 1983, 1990, 1, 1986
134, 1, 1, 1983, 1990, 2, 2002
135, 1, 1, 1983, 1990, 1, 1980
136, 1, 1, 1983, 1990, 2, 1997
137, 1, 1, 1983, 1990, 1, 1980
138, 1, 1, 1983, 1990, 1, 1987
139, 1, 1, 1983, 1990, 1, 1982
140, 1, 1, 1983, 1990, 1, 1980
141, 1, 1, 1983, 1990, 2, 1994
142, 1, 1, 1983, 1990, 1, 1980
143, 1, 1, 1983, 1990, 1, 1988
144, 1, 1, 1983, 1990, 1, 1980
145, 1, 1, 1983, 1990, 2, 1991
146, 1, 1, 1983, 1990, 2, 1993
147, 1, 3, 1983, NaN, NaN, 2003
148, 1, 3, 1983, NaN, NaN, 1999
149, 1, 3, 1983, NaN, NaN, 1990
150, 1, 3, 1983, NaN, NaN, 1987
151, 1, 3, 1983, NaN, NaN, 1989
152, 1, 3, 1983, NaN, NaN, 1996
153, 1, 3, 1983, NaN, NaN, 1988
154, 1, 3, 1983, NaN, NaN, 1982
155, 1, 3, 1983, NaN, NaN, 1989
156, 1, 3, 1983, NaN, NaN, 1996
157, 1, 3, 1983, NaN, NaN, 1986
158, 1, 3, 1983, NaN, NaN, 1980
159, 1, 3, 1983, NaN, NaN, 1987
160, 1, 3, 1983, NaN, NaN, 1976
161, 1, 3, 1983, NaN, NaN, 1982
162, 1, 3, 1983, NaN, NaN, 2002
163, 1, 3, 1983, NaN, NaN, 2003
164, 1, 3, 1983, NaN, NaN, 1994
165, 1, 3, 1983, NaN, NaN, 2000
166, 1, 3, 1983, NaN, NaN, 1990
167, 1, 3, 1983, NaN, NaN, 1983
168, 1, 3, 1983, NaN, NaN, 1990
170, 1, 3, 1983, NaN, NaN, 1975
171, 1, 3, 1983, NaN, NaN, 1997
172, 1, 3, 1983, NaN, NaN, 1982
173, 1, 3, 1983, NaN, NaN, 1999
174, 1, 3, 1983, NaN, NaN, 1986
175, 1, 3, 1983, NaN, NaN, 1984
176, 1, 3, 1983, NaN, NaN, 1980
177, 1, 3, 1983, NaN, NaN, 1994
178, 1, 3, 1983, NaN, NaN, 1985
179, 1, 3, 1983, NaN, NaN, 1980
180, 1, 3, 1983, NaN, NaN, 2000
181, 1, 3, 1983, NaN, NaN, 1995
182, 1, 3, 1983, NaN, NaN, 1990
183, 1, 3, 1983, NaN, NaN, 1988
184, 1, 3, 1983, NaN, NaN, 1985
185, 1, 3, 1983, NaN, NaN, 1982
186, 1, 3, 1983, NaN, NaN, 1989
187, 1, 3, 1983, NaN, NaN, 1979
188, 1, 3, 1983, NaN, NaN, 1995
189, 1, 3, 1983, NaN, NaN, 1983
190, 1, 3, 1983, NaN, NaN, 1987
191, 1, 3, 1983, NaN, NaN, 1994
192, 1, 3, 1983, NaN, NaN, 1988
193, 1, 3, 1983, NaN, NaN, 1999
194, 1, 3, 1983, NaN, NaN, 1982
1, 2, 1, 1983, 1990, 2, 1993
2, 2, 1, 1983, 1990, 2, 2000
3, 2, 1, 1983, 1990, 1, 1970
4, 2, 1, 1983, 1990, 2, 1995
5, 2, 1, 1983, 1990, 1, 1985
6, 2, 1, 1983, 1990, 1, 1985
7, 2, 1, 1983, 1990, 1, 1985
8, 2, 1, 1983, 1990, 1, 1985
9, 2, 1, 1983, 1990, 1, 1987
10, 2, 1, 1983, 1990, 1, 1960
11, 2, 1, 1983, 1990, 1, 1982
12, 2, 1, 1983, 1990, 2, 1992
13, 2, 1, 1983, 1990, 2, 1995
14, 2, 1, 1983, 1990, 1, 1987
15, 2, 1, 1983, 1990, 1, 1982
16, 2, 1, 1983, 1990, 1, 1980
17, 2, 1, 1983, 1990, 2, 1994
18, 2, 1, 1983, 1990, 1, 1985
19, 2, 1, 1983, 1990, 1, 1975
20, 2, 1, 1983, 1990, 1, 1960
21, 2, 1, 1983, 1990, 1, 1980
22, 2, 1, 1983, 1990, 2, 1992
23, 2, 1, 1983, 1990, 2, 1998
24, 2, 1, 1983, 1990, 1, 1980
25, 2, 1, 1983, 1990, 1, 1988
26, 2, 1, 1983, 1990, 1, 1975
27, 2, 1, 1983, 1990, 1, 1988
28, 2, 1, 1983, 1990, 1, 1970
29, 2, 1, 1983, 1990, 1, 1985
30, 2, 1, 1983, 1990, 1, 1980
31, 2, 1, 1983, 1990, 1, 1988
32, 2, 1, 1983, 1990, 1, 1970
33, 2, 1, 1983, 1990, 2, 2000
34, 2, 1, 1983, 1990, 1, 1970
35, 2, 1, 1983, 1990, 1, 1985
36, 2, 1, 1983, 1990, 2, 2000
37, 2, 1, 1983, 1990, 1, 1980
38, 2, 1, 1983, 1990, 1, 1985
39, 2, 1, 1983, 1990, 2, 1995
40, 2, 1, 1983, 1990, 2, 1998
41, 2, 1, 1983, 1990, 2, 1977
42, 2, 1, 1983, 1990, 2, 1995
43, 2, 1, 1983, 1990, 2, 2004
44, 2, 1, 1983, 1990, 1, 1980
45, 2, 1, 1983, 1990, 2, 1992
46, 2, 1, 1983, 1990, 2, 1999
47, 2, 1, 1983, 1990, 2, 1993
48, 2, 1, 1983, 1990, 1, 1980
49, 2, 1, 1983, 1990, 2, 1996
50, 2, 1, 1983, 1990, 1, 1970
51, 2, 1, 1983, 1990, 1, 1970
52, 2, 1, 1983, 1990, 2, 1991
53, 2, 1, 1983, 1990, 1, 1980
54, 2, 1, 1983, 1990, 1, 1989
55, 2, 1, 1983, 1990, 1, 1985
56, 2, 1, 1983, 1990, 1, 1970
57, 2, 1, 1983, 1990, 1, 1980
58, 2, 1, 1983, 1990, 2, 2000
59, 2, 1, 1983, 1990, 1, 1980
60, 2, 1, 1983, 1990, 2, 1994
61, 2, 1, 1983, 1990, 2, 1995
62, 2, 1, 1983, 1990, 1, 1987
63, 2, 1, 1983, 1990, 1, 1980
64, 2, 1, 1983, 1990, 2, 1991
65, 2, 1, 1983, 1990, 1, 1970
66, 2, 1, 1983, 1990, 1, 1988
67, 2, 1, 1983, 1990, 1, 1980
68, 2, 1, 1983, 1990, 1, 1980
69, 2, 1, 1983, 1990, 1, 1989
70, 2, 1, 1983, 1990, 2, 1995
71, 2, 1, 1983, 1990, 1, 1980
72, 2, 1, 1983, 1990, 2, 2000
73, 2, 1, 1983, 1990, 2, 2000
74, 2, 2, 1983, 1960, 2, 1975
75, 2, 2, 1983, 1960, 2, 1978
76, 2, 2, 1983, 1960, 2, 1990
77, 2, 2, 1983, 1960, 2, 1979
78, 2, 2, 1983, 1960, 2, 1999
79, 2, 2, 1983, 1960, 2, 1985
80, 2, 2, 1983, 1960, 2, 1982
81, 2, 2, 1983, 1960, 1, 1950
82, 2, 2, 1983, 1960, 2, 1985
83, 2, 2, 1983, 1960, 2, 1965
84, 2, 2, 1983, 1960, 2, 1969
85, 2, 2, 1983, 1960, 2, 1995
86, 2, 2, 1983, 1960, 2, 1993
87, 2, 2, 1983, 1960, 2, 1970
88, 2, 2, 1983, 1960, 2, 1970
89, 2, 2, 1983, 1960, 2, 1990
90, 2, 2, 1983, 1960, 2, 2000
91, 2, 2, 1983, 1960, 2, 1999
92, 2, 2, 1983, 1960, 2, 1969
93, 2, 2, 1983, 1960, 1, 1954
94, 2, 2, 1983, 1960, 2, 1980
95, 2, 2, 1983, 1960, 2, 1983
96, 2, 2, 1983, 1960, 2, 1973
97, 2, 2, 1983, 1960, 2, 1965
98, 2, 2, 1983, 1960, 2, 1985
99, 2, 2, 1983, 1960, 1, 1955
100, 2, 2, 1983, 1960, 2, 1984
101, 2, 2, 1983, 1960, 2, 1980
102, 2, 2, 1983, 1960, 2, 1974
103, 2, 2, 1983, 1960, 2, 1963
104, 2, 2, 1983, 1960, 2, 1983
105, 2, 2, 1983, 1960, 2, 1987
106, 2, 2, 1983, 1960, 2, 1980
107, 2, 2, 1983, 1960, 2, 1984
108, 2, 2, 1983, 1960, 2, 1980
109, 2, 2, 1983, 1960, 1, 1950
110, 2, 2, 1983, 1960, 2, 1985
111, 2, 2, 1983, 1960, 2, 1975
112, 2, 2, 1983, 1960, 2, 1970
113, 2, 2, 1983, 1960, 2, 2000
114, 2, 2, 1983, 1960, 2, 1978
115, 2, 2, 1983, 1960, 2, 1983
116, 2, 2, 1983, 1960, 2, 1998
117, 2, 2, 1983, 1960, 2, 2000
118, 2, 2, 1983, 1960, 2, 1985
119, 2, 2, 1983, 1960, 2, 1998
120, 2, 2, 1983, 1960, 1, 1950
121, 2, 2, 1983, 1960, 2, 1988
122, 2, 2, 1983, 1960, 2, 1980
123, 2, 2, 1983, 1960, 1, 1983
124, 2, 2, 1983, 1960, 2, 1990
125, 2, 2, 1983, 1960, 2, 1982
126, 2, 2, 1983, 1960, 2, 1965
127, 2, 2, 1983, 1960, 1, 1950
128, 2, 2, 1983, 1960, 2, 1980
129, 2, 2, 1983, 1960, 2, 1990
130, 2, 2, 1983, 1960, 2, 1970
132, 2, 2, 1983, 1960, 2, 2000
133, 2, 2, 1983, 1960, 2, 1981
134, 2, 2, 1983, 1960, 2, 1970
135, 2, 2, 1983, 1960, 2, 1990
136, 2, 2, 1983, 1960, 2, 1970
137, 2, 2, 1983, 1960, 1, 1945
138, 2, 2, 1983, 1960, 2, 1972
139, 2, 2, 1983, 1960, 2, 1983
141, 2, 2, 1983, 1960, 2, 1985
143, 2, 2, 1983, 1960, 2, 1980
144, 2, 2, 1983, 1960, 2, 1990
145, 2, 2, 1983, 1960, 2, 1990
146, 2, 2, 1983, 1960, 2, 1970
147, 2, 3, 1983, NaN, NaN, 1954
148, 2, 3, 1983, NaN, NaN, 1980
149, 2, 3, 1983, NaN, NaN, 1990
150, 2, 3, 1983, NaN, NaN, 1990
151, 2, 3, 1983, NaN, NaN, 1980
152, 2, 3, 1983, NaN, NaN, 1975
153, 2, 3, 1983, NaN, NaN, 1989
154, 2, 3, 1983, NaN, NaN, 1985
155, 2, 3, 1983, NaN, NaN, 1998
156, 2, 3, 1983, NaN, NaN, 1990
157, 2, 3, 1983, NaN, NaN, 1990
158, 2, 3, 1983, NaN, NaN, 1980
159, 2, 3, 1983, NaN, NaN, 1990
160, 2, 3, 1983, NaN, NaN, 1982
161, 2, 3, 1983, NaN, NaN, 1965
162, 2, 3, 1983, NaN, NaN, 1985
163, 2, 3, 1983, NaN, NaN, 2004
164, 2, 3, 1983, NaN, NaN, 1975
165, 2, 3, 1983, NaN, NaN, 1978
166, 2, 3, 1983, NaN, NaN, 1980
167, 2, 3, 1983, NaN, NaN, 1985
168, 2, 3, 1983, NaN, NaN, 1950
169, 2, 3, 1983, NaN, NaN, 1995
171, 2, 3, 1983, NaN, NaN, 1960
172, 2, 3, 1983, NaN, NaN, 1971
173, 2, 3, 1983, NaN, NaN, 1975
174, 2, 3, 1983, NaN, NaN, 1980
175, 2, 3, 1983, NaN, NaN, 1983
176, 2, 3, 1983, NaN, NaN, 1995
177, 2, 3, 1983, NaN, NaN, 1985
178, 2, 3, 1983, NaN, NaN, 1970
179, 2, 3, 1983, NaN, NaN, 2000
180, 2, 3, 1983, NaN, NaN, 1990
182, 2, 3, 1983, NaN, NaN, 1980
184, 2, 3, 1983, NaN, NaN, 1987
185, 2, 3, 1983, NaN, NaN, 1980
186, 2, 3, 1983, NaN, NaN, 2001
187, 2, 3, 1983, NaN, NaN, 1960
188, 2, 3, 1983, NaN, NaN, 1970
189, 2, 3, 1983, NaN, NaN, 1990
190, 2, 3, 1983, NaN, NaN, 1979
191, 2, 3, 1983, NaN, NaN, 1969
192, 2, 3, 1983, NaN, NaN, 1999
193, 2, 3, 1983, NaN, NaN, 1980
194, 2, 3, 1983, NaN, NaN, 1998
1, 3, 2, 1955, 1920, 2, 1940
2, 3, 2, 1955, 1920, 2, 1950
3, 3, 2, 1955, 1920, 2, 1960
4, 3, 2, 1955, 1920, 2, 1970
5, 3, 2, 1955, 1920, 2, 1940
6, 3, 2, 1955, 1920, 2, 1930
7, 3, 2, 1955, 1920, 2, 1935
8, 3, 2, 1955, 1920, 2, 1960
9, 3, 2, 1955, 1920, 2, 1922
10, 3, 2, 1955, 1920, 2, 1950
11, 3, 2, 1955, 1920, 2, 1960
12, 3, 2, 1955, 1920, 2, 1955
13, 3, 2, 1955, 1920, 2, 1922
14, 3, 2, 1955, 1920, 2, 1950
15, 3, 2, 1955, 1920, 1, 1955
16, 3, 2, 1955, 1920, 2, 1950
17, 3, 2, 1955, 1920, 2, 1965
18, 3, 2, 1955, 1920, 2, 1940
19, 3, 2, 1955, 1920, 2, 1968
20, 3, 2, 1955, 1920, 2, 1980
21, 3, 2, 1955, 1920, 2, 1950
22, 3, 2, 1955, 1920, 2, 1996
23, 3, 2, 1955, 1920, 2, 1955
24, 3, 2, 1955, 1920, 2, 1950
25, 3, 2, 1955, 1920, 2, 1968
26, 3, 2, 1955, 1920, 2, 1940
27, 3, 2, 1955, 1920, 2, 1950
28, 3, 2, 1955, 1920, 2, 1980
29, 3, 2, 1955, 1920, 2, 1975
30, 3, 2, 1955, 1920, 2, 1950
31, 3, 2, 1955, 1920, 2, 1950
32, 3, 2, 1955, 1920, 2, 1930
33, 3, 2, 1955, 1920, 2, 1955
34, 3, 2, 1955, 1920, 2, 1945
35, 3, 2, 1955, 1920, 2, 1950
36, 3, 2, 1955, 1920, 2, 1980
37, 3, 2, 1955, 1920, 2, 1950
38, 3, 2, 1955, 1920, 2, 1925
39, 3, 2, 1955, 1920, 2, 1955
40, 3, 2, 1955, 1920, 2, 1923
41, 3, 2, 1955, 1920, 2, 1954
42, 3, 2, 1955, 1920, 1, 1924
43, 3, 2, 1955, 1920, 2, 1950
44, 3, 2, 1955, 1920, 2, 1940
45, 3, 2, 1955, 1920, 2, 1944
46, 3, 2, 1955, 1920, 2, 1928
47, 3, 2, 1955, 1920, 2, 1930
48, 3, 2, 1955, 1920, 2, 1975
49, 3, 2, 1955, 1920, 2, 1960
50, 3, 2, 1955, 1920, 2, 1970
51, 3, 2, 1955, 1920, 2, 2010
52, 3, 2, 1955, 1920, 2, 1940
53, 3, 2, 1955, 1920, 2, 1980
54, 3, 2, 1955, 1920, 2, 1950
55, 3, 2, 1955, 1920, 2, 1950
56, 3, 2, 1955, 1920, 2, 1930
57, 3, 2, 1955, 1920, 2, 1960
58, 3, 2, 1955, 1920, 2, 1930
59, 3, 2, 1955, 1920, 2, 1930
60, 3, 2, 1955, 1920, 1, 1920
61, 3, 2, 1955, 1920, 2, 1960
62, 3, 2, 1955, 1920, 2, 1940
63, 3, 2, 1955, 1920, 2, 1950
64, 3, 2, 1955, 1920, 2, 1925
65, 3, 2, 1955, 1920, 2, 1960
66, 3, 2, 1955, 1920, 2, 1930
67, 3, 2, 1955, 1920, 2, 1950
68, 3, 2, 1955, 1920, 2, 1960
69, 3, 2, 1955, 1920, 2, 1960
70, 3, 2, 1955, 1920, 2, 1958
71, 3, 2, 1955, 1920, 2, 1977
72, 3, 2, 1955, 1920, 2, 1950
73, 3, 2, 1955, 1920, 2, 1950
74, 3, 1, 1955, 1980, 1, 1930
75, 3, 1, 1955, 1980, 2, 2000
76, 3, 1, 1955, 1980, 1, 1960
77, 3, 1, 1955, 1980, 1, 1920
78, 3, 1, 1955, 1980, 2, 2000
79, 3, 1, 1955, 1980, 1, 1950
80, 3, 1, 1955, 1980, 1, 1974
81, 3, 1, 1955, 1980, 1, 1970
82, 3, 1, 1955, 1980, 2, 1986
83, 3, 1, 1955, 1980, 1, 1976
84, 3, 1, 1955, 1980, 1, 1965
85, 3, 1, 1955, 1980, 2, 1982
86, 3, 1, 1955, 1980, 2, 1993
87, 3, 1, 1955, 1980, 1, 1920
88, 3, 1, 1955, 1980, 1, 1960
89, 3, 1, 1955, 1980, 1, 1960
90, 3, 1, 1955, 1980, 1, 1970
91, 3, 1, 1955, 1980, 2, 2005
92, 3, 1, 1955, 1980, 2, 1986
93, 3, 1, 1955, 1980, 2, 1981
94, 3, 1, 1955, 1980, 1, 1975
95, 3, 1, 1955, 1980, 1, 1930
96, 3, 1, 1955, 1980, 1, 1965
97, 3, 1, 1955, 1980, 1, 1923
98, 3, 1, 1955, 1980, 1, 1959
99, 3, 1, 1955, 1980, 2, 1982
100, 3, 1, 1955, 1980, 1, 1950
101, 3, 1, 1955, 1980, 1, 1960
102, 3, 1, 1955, 1980, 1, 1970
103, 3, 1, 1955, 1980, 2, 1985
104, 3, 1, 1955, 1980, 1, 1955
105, 3, 1, 1955, 1980, 1, 1970
106, 3, 1, 1955, 1980, 1, 1970
107, 3, 1, 1955, 1980, 1, 1953
108, 3, 1, 1955, 1980, 1, 1970
109, 3, 1, 1955, 1980, 2, 1983
110, 3, 1, 1955, 1980, 2, 1990
111, 3, 1, 1955, 1980, 1, 1975
112, 3, 1, 1955, 1980, 2, 1990
113, 3, 1, 1955, 1980, 2, 1990
114, 3, 1, 1955, 1980, 2, 1981
115, 3, 1, 1955, 1980, 1, 1955
116, 3, 1, 1955, 1980, 1, 1972
117, 3, 1, 1955, 1980, 1, 1975
118, 3, 1, 1955, 1980, 1, 1974
119, 3, 1, 1955, 1980, 1, 1975
120, 3, 1, 1955, 1980, 1, 1960
121, 3, 1, 1955, 1980, 2, 1995
122, 3, 1, 1955, 1980, 1, 1970
123, 3, 1, 1955, 1980, 2, 2000
124, 3, 1, 1955, 1980, 1, 1960
125, 3, 1, 1955, 1980, 1, 1970
126, 3, 1, 1955, 1980, 1, 1960
127, 3, 1, 1955, 1980, 1, 1970
128, 3, 1, 1955, 1980, 1, 1970
129, 3, 1, 1955, 1980, 1, 1970
130, 3, 1, 1955, 1980, 1, 1960
131, 3, 1, 1955, 1980, 1, 1959
132, 3, 1, 1955, 1980, 1, 1970
133, 3, 1, 1955, 1980, 1, 1960
134, 3, 1, 1955, 1980, 1, 1972
135, 3, 1, 1955, 1980, 1, 1950
136, 3, 1, 1955, 1980, 1, 1965
137, 3, 1, 1955, 1980, 2, 2000
138, 3, 1, 1955, 1980, 1, 1950
139, 3, 1, 1955, 1980, 1, 1955
140, 3, 1, 1955, 1980, 1, 1923
141, 3, 1, 1955, 1980, 1, 1973
142, 3, 1, 1955, 1980, 1, 1970
143, 3, 1, 1955, 1980, 1, 1955
144, 3, 1, 1955, 1980, 1, 1970
145, 3, 1, 1955, 1980, 2, 1989
146, 3, 1, 1955, 1980, 2, 1981
147, 3, 3, 1955, NaN, NaN, 1946
148, 3, 3, 1955, NaN, NaN, 1955
149, 3, 3, 1955, NaN, NaN, 2000
150, 3, 3, 1955, NaN, NaN, 1985
151, 3, 3, 1955, NaN, NaN, 1955
152, 3, 3, 1955, NaN, NaN, 2013
153, 3, 3, 1955, NaN, NaN, 1976
154, 3, 3, 1955, NaN, NaN, 1955
155, 3, 3, 1955, NaN, NaN, 2008
156, 3, 3, 1955, NaN, NaN, 2001
157, 3, 3, 1955, NaN, NaN, 1983
159, 3, 3, 1955, NaN, NaN, 2000
160, 3, 3, 1955, NaN, NaN, 1955
161, 3, 3, 1955, NaN, NaN, 1955
162, 3, 3, 1955, NaN, NaN, 1940
163, 3, 3, 1955, NaN, NaN, 1980
164, 3, 3, 1955, NaN, NaN, 1995
165, 3, 3, 1955, NaN, NaN, 1985
166, 3, 3, 1955, NaN, NaN, 1970
167, 3, 3, 1955, NaN, NaN, 1995
168, 3, 3, 1955, NaN, NaN, 2005
169, 3, 3, 1955, NaN, NaN, 1972
170, 3, 3, 1955, NaN, NaN, 1990
171, 3, 3, 1955, NaN, NaN, 1997
172, 3, 3, 1955, NaN, NaN, 1955
173, 3, 3, 1955, NaN, NaN, 1975
174, 3, 3, 1955, NaN, NaN, 1965
175, 3, 3, 1955, NaN, NaN, 1980
176, 3, 3, 1955, NaN, NaN, 1965
177, 3, 3, 1955, NaN, NaN, 1930
178, 3, 3, 1955, NaN, NaN, 1990
179, 3, 3, 1955, NaN, NaN, 1955
180, 3, 3, 1955, NaN, NaN, 1940
181, 3, 3, 1955, NaN, NaN, 2001
182, 3, 3, 1955, NaN, NaN, 1960
183, 3, 3, 1955, NaN, NaN, 1923
184, 3, 3, 1955, NaN, NaN, 1960
185, 3, 3, 1955, NaN, NaN, 1997
186, 3, 3, 1955, NaN, NaN, 2006
187, 3, 3, 1955, NaN, NaN, 1940
188, 3, 3, 1955, NaN, NaN, 1970
189, 3, 3, 1955, NaN, NaN, 1955
190, 3, 3, 1955, NaN, NaN, 1954
191, 3, 3, 1955, NaN, NaN, 1972
192, 3, 3, 1955, NaN, NaN, 2006
193, 3, 3, 1955, NaN, NaN, 1995
194, 3, 3, 1955, NaN, NaN, 1952
1, 4, 1, 1929, 1950, 1, 1920
2, 4, 1, 1929, 1950, 2, 1970
3, 4, 1, 1929, 1950, 1, 1940
4, 4, 1, 1929, 1950, 1, 1920
5, 4, 1, 1929, 1950, 1, 1930
6, 4, 1, 1929, 1950, 2, 1960
7, 4, 1, 1929, 1950, 2, 1965
8, 4, 1, 1929, 1950, 1, 1920
9, 4, 1, 1929, 1950, 1, 1930
10, 4, 1, 1929, 1950, 1, 1930
11, 4, 1, 1929, 1950, 1, 1929
12, 4, 1, 1929, 1950, 1, 1929
14, 4, 1, 1929, 1950, 2, 1952
15, 4, 1, 1929, 1950, 2, 1955
16, 4, 1, 1929, 1950, 2, 1955
17, 4, 1, 1929, 1950, 1, 1929
18, 4, 1, 1929, 1950, 2, 1965
19, 4, 1, 1929, 1950, 1, 1930
20, 4, 1, 1929, 1950, 1, 1930
21, 4, 1, 1929, 1950, 1, 1929
22, 4, 1, 1929, 1950, 1, 1947
23, 4, 1, 1929, 1950, 2, 1955
24, 4, 1, 1929, 1950, 1, 1948
25, 4, 1, 1929, 1950, 1, 1918
26, 4, 1, 1929, 1950, 1, 1920
27, 4, 1, 1929, 1950, 1, 1935
28, 4, 1, 1929, 1950, 1, 1939
29, 4, 1, 1929, 1950, 2, 1955
30, 4, 1, 1929, 1950, 1, 1930
31, 4, 1, 1929, 1950, 1, 1917
32, 4, 1, 1929, 1950, 2, 1980
33, 4, 1, 1929, 1950, 1, 1933
34, 4, 1, 1929, 1950, 1, 1930
35, 4, 1, 1929, 1950, 1, 1930
36, 4, 1, 1929, 1950, 1, 1929
37, 4, 1, 1929, 1950, 1, 1930
38, 4, 1, 1929, 1950, 1, 1920
39, 4, 1, 1929, 1950, 2, 1975
40, 4, 1, 1929, 1950, 1, 1910
41, 4, 1, 1929, 1950, 1, 1929
43, 4, 1, 1929, 1950, 1, 1920
44, 4, 1, 1929, 1950, 1, 1920
45, 4, 1, 1929, 1950, 1, 1930
46, 4, 1, 1929, 1950, 1, 1945
47, 4, 1, 1929, 1950, 1, 1920
48, 4, 1, 1929, 1950, 1, 1929
49, 4, 1, 1929, 1950, 2, 1980
50, 4, 1, 1929, 1950, 1, 1930
51, 4, 1, 1929, 1950, 2, 1956
52, 4, 1, 1929, 1950, 1, 1920
53, 4, 1, 1929, 1950, 1, 1890
54, 4, 1, 1929, 1950, 1, 1930
55, 4, 1, 1929, 1950, 1, 1930
56, 4, 1, 1929, 1950, 1, 1920
57, 4, 1, 1929, 1950, 1, 1941
58, 4, 1, 1929, 1950, 1, 1929
59, 4, 1, 1929, 1950, 1, 1930
60, 4, 1, 1929, 1950, 1, 1940
61, 4, 1, 1929, 1950, 1, 1920
62, 4, 1, 1929, 1950, 2, 1960
63, 4, 1, 1929, 1950, 1, 1920
64, 4, 1, 1929, 1950, 1, 1930
65, 4, 1, 1929, 1950, 1, 1943
66, 4, 1, 1929, 1950, 1, 1948
67, 4, 1, 1929, 1950, 1, 1930
68, 4, 1, 1929, 1950, 1, 1930
69, 4, 1, 1929, 1950, 1, 1940
70, 4, 1, 1929, 1950, 1, 1910
71, 4, 1, 1929, 1950, 1, 1941
72, 4, 1, 1929, 1950, 1, 1920
73, 4, 1, 1929, 1950, 1, 1920
74, 4, 2, 1929, 1910, 2, 1920
75, 4, 2, 1929, 1910, 2, 1920
76, 4, 2, 1929, 1910, 2, 1920
77, 4, 2, 1929, 1910, 2, 1930
78, 4, 2, 1929, 1910, 2, 1934
79, 4, 2, 1929, 1910, 2, 1929
80, 4, 2, 1929, 1910, 2, 1927
81, 4, 2, 1929, 1910, 2, 1930
82, 4, 2, 1929, 1910, 2, 1931
83, 4, 2, 1929, 1910, 2, 1929
84, 4, 2, 1929, 1910, 2, 1930
85, 4, 2, 1929, 1910, 2, 1920
86, 4, 2, 1929, 1910, 2, 1920
87, 4, 2, 1929, 1910, 2, 1920
88, 4, 2, 1929, 1910, 2, 1940
89, 4, 2, 1929, 1910, 2, 1920
90, 4, 2, 1929, 1910, 1, 1930
91, 4, 2, 1929, 1910, 2, 1920
92, 4, 2, 1929, 1910, 2, 1929
93, 4, 2, 1929, 1910, 2, 1912
94, 4, 2, 1929, 1910, 2, 1930
95, 4, 2, 1929, 1910, 1, 1900
96, 4, 2, 1929, 1910, 2, 1930
97, 4, 2, 1929, 1910, 2, 1920
98, 4, 2, 1929, 1910, 2, 1929
99, 4, 2, 1929, 1910, 2, 1920
100, 4, 2, 1929, 1910, 2, 1935
101, 4, 2, 1929, 1910, 2, 1960
102, 4, 2, 1929, 1910, 2, 1930
103, 4, 2, 1929, 1910, 2, 1920
104, 4, 2, 1929, 1910, 2, 1929
105, 4, 2, 1929, 1910, 2, 1937
106, 4, 2, 1929, 1910, 2, 1922
107, 4, 2, 1929, 1910, 2, 1933
108, 4, 2, 1929, 1910, 2, 1930
109, 4, 2, 1929, 1910, 2, 1945
110, 4, 2, 1929, 1910, 1, 1940
111, 4, 2, 1929, 1910, 2, 1920
112, 4, 2, 1929, 1910, 2, 1925
113, 4, 2, 1929, 1910, 2, 1920
114, 4, 2, 1929, 1910, 2, 1912
115, 4, 2, 1929, 1910, 2, 1929
116, 4, 2, 1929, 1910, 2, 1930
117, 4, 2, 1929, 1910, 1, 1900
118, 4, 2, 1929, 1910, 2, 1920
119, 4, 2, 1929, 1910, 2, 1920
120, 4, 2, 1929, 1910, 2, 1920
121, 4, 2, 1929, 1910, 2, 1929
122, 4, 2, 1929, 1910, 2, 1930
123, 4, 2, 1929, 1910, 2, 1929
124, 4, 2, 1929, 1910, 2, 1930
125, 4, 2, 1929, 1910, 2, 1930
126, 4, 2, 1929, 1910, 2, 1940
127, 4, 2, 1929, 1910, 2, 1930
128, 4, 2, 1929, 1910, 2, 1920
129, 4, 2, 1929, 1910, 2, 1920
130, 4, 2, 1929, 1910, 1, 1920
131, 4, 2, 1929, 1910, 2, 1929
132, 4, 2, 1929, 1910, 2, 1920
133, 4, 2, 1929, 1910, 2, 1929
134, 4, 2, 1929, 1910, 2, 1920
135, 4, 2, 1929, 1910, 2, 1930
136, 4, 2, 1929, 1910, 2, 1937
137, 4, 2, 1929, 1910, 2, 1940
138, 4, 2, 1929, 1910, 2, 1930
139, 4, 2, 1929, 1910, 2, 1929
140, 4, 2, 1929, 1910, 2, 1930
141, 4, 2, 1929, 1910, 2, 1940
142, 4, 2, 1929, 1910, 2, 1950
143, 4, 2, 1929, 1910, 2, 1912
144, 4, 2, 1929, 1910, 2, 1930
145, 4, 2, 1929, 1910, 2, 1920
146, 4, 2, 1929, 1910, 2, 1960
147, 4, 3, 1929, NaN, NaN, 1933
148, 4, 3, 1929, NaN, NaN, 1930
149, 4, 3, 1929, NaN, NaN, 1930
150, 4, 3, 1929, NaN, NaN, 1928
151, 4, 3, 1929, NaN, NaN, 1930
152, 4, 3, 1929, NaN, NaN, 1980
153, 4, 3, 1929, NaN, NaN, 1905
154, 4, 3, 1929, NaN, NaN, 1930
155, 4, 3, 1929, NaN, NaN, 1929
157, 4, 3, 1929, NaN, NaN, 1920
158, 4, 3, 1929, NaN, NaN, 1940
159, 4, 3, 1929, NaN, NaN, 1929
160, 4, 3, 1929, NaN, NaN, 1929
161, 4, 3, 1929, NaN, NaN, 1928
162, 4, 3, 1929, NaN, NaN, 1940
163, 4, 3, 1929, NaN, NaN, 1960
164, 4, 3, 1929, NaN, NaN, 1945
166, 4, 3, 1929, NaN, NaN, 1929
167, 4, 3, 1929, NaN, NaN, 1975
168, 4, 3, 1929, NaN, NaN, 1910
169, 4, 3, 1929, NaN, NaN, 1940
170, 4, 3, 1929, NaN, NaN, 1920
171, 4, 3, 1929, NaN, NaN, 1929
172, 4, 3, 1929, NaN, NaN, 1932
174, 4, 3, 1929, NaN, NaN, 1920
175, 4, 3, 1929, NaN, NaN, 1943
176, 4, 3, 1929, NaN, NaN, 1920
177, 4, 3, 1929, NaN, NaN, 1920
179, 4, 3, 1929, NaN, NaN, 1930
180, 4, 3, 1929, NaN, NaN, 1920
181, 4, 3, 1929, NaN, NaN, 1975
182, 4, 3, 1929, NaN, NaN, 1919
183, 4, 3, 1929, NaN, NaN, 1954
184, 4, 3, 1929, NaN, NaN, 1932
185, 4, 3, 1929, NaN, NaN, 1980
186, 4, 3, 1929, NaN, NaN, 1954
187, 4, 3, 1929, NaN, NaN, 1920
188, 4, 3, 1929, NaN, NaN, 1930
189, 4, 3, 1929, NaN, NaN, 1929
190, 4, 3, 1929, NaN, NaN, 1930
191, 4, 3, 1929, NaN, NaN, 1947
192, 4, 3, 1929, NaN, NaN, 1920
193, 4, 3, 1929, NaN, NaN, 1929
1, 5, 2, 2007, 1990, 2, 2007
2, 5, 2, 2007, 1990, 2, 2007
3, 5, 2, 2007, 1990, 2, 2001
4, 5, 2, 2007, 1990, 2, 2005
5, 5, 2, 2007, 1990, 2, 2005
6, 5, 2, 2007, 1990, 2, 2007
7, 5, 2, 2007, 1990, 2, 1995
9, 5, 2, 2007, 1990, 2, 1995
10, 5, 2, 2007, 1990, 2, 2005
11, 5, 2, 2007, 1990, 2, 2006
12, 5, 2, 2007, 1990, 2, 1995
13, 5, 2, 2007, 1990, 2, 2007
14, 5, 2, 2007, 1990, 2, 2000
15, 5, 2, 2007, 1990, 2, 2000
16, 5, 2, 2007, 1990, 2, 2003
17, 5, 2, 2007, 1990, 2, 2007
18, 5, 2, 2007, 1990, 2, 2010
19, 5, 2, 2007, 1990, 2, 2006
21, 5, 2, 2007, 1990, 2, 2005
22, 5, 2, 2007, 1990, 2, 2001
23, 5, 2, 2007, 1990, 2, 2007
24, 5, 2, 2007, 1990, 2, 1995
25, 5, 2, 2007, 1990, 2, 2001
26, 5, 2, 2007, 1990, 2, 2006
27, 5, 2, 2007, 1990, 2, 2006
29, 5, 2, 2007, 1990, 2, 2000
30, 5, 2, 2007, 1990, 2, 2004
31, 5, 2, 2007, 1990, 2, 2004
32, 5, 2, 2007, 1990, 2, 2001
33, 5, 2, 2007, 1990, 2, 2005
35, 5, 2, 2007, 1990, 2, 2008
36, 5, 2, 2007, 1990, 2, 2006
37, 5, 2, 2007, 1990, 2, 2005
38, 5, 2, 2007, 1990, 2, 2001
39, 5, 2, 2007, 1990, 2, 2008
40, 5, 2, 2007, 1990, 2, 2008
41, 5, 2, 2007, 1990, 2, 2007
42, 5, 2, 2007, 1990, 2, 2000
43, 5, 2, 2007, 1990, 2, 2008
44, 5, 2, 2007, 1990, 2, 2000
45, 5, 2, 2007, 1990, 2, 2010
46, 5, 2, 2007, 1990, 2, 2005
47, 5, 2, 2007, 1990, 2, 2000
48, 5, 2, 2007, 1990, 2, 2005
49, 5, 2, 2007, 1990, 2, 2010
50, 5, 2, 2007, 1990, 2, 2004
51, 5, 2, 2007, 1990, 2, 2006
52, 5, 2, 2007, 1990, 2, 2009
54, 5, 2, 2007, 1990, 2, 2007
55, 5, 2, 2007, 1990, 2, 2006
56, 5, 2, 2007, 1990, 2, 2004
57, 5, 2, 2007, 1990, 2, 2005
58, 5, 2, 2007, 1990, 2, 1997
59, 5, 2, 2007, 1990, 2, 2009
60, 5, 2, 2007, 1990, 2, 2009
61, 5, 2, 2007, 1990, 2, 2005
62, 5, 2, 2007, 1990, 2, 2002
63, 5, 2, 2007, 1990, 2, 2000
64, 5, 2, 2007, 1990, 2, 1995
65, 5, 2, 2007, 1990, 2, 2007
66, 5, 2, 2007, 1990, 2, 1994
67, 5, 2, 2007, 1990, 2, 2000
68, 5, 2, 2007, 1990, 2, 2005
69, 5, 2, 2007, 1990, 2, 2005
70, 5, 2, 2007, 1990, 2, 2006
71, 5, 2, 2007, 1990, 2, 2001
72, 5, 2, 2007, 1990, 2, 2005
73, 5, 2, 2007, 1990, 2, 2000
74, 5, 1, 2007, 2010, 1, 2003
75, 5, 1, 2007, 2010, 1, 2008
76, 5, 1, 2007, 2010, 2, 2012
77, 5, 1, 2007, 2010, 1, 2008
78, 5, 1, 2007, 2010, 1, 2007
79, 5, 1, 2007, 2010, 1, 2007
80, 5, 1, 2007, 2010, 1, 2003
81, 5, 1, 2007, 2010, 1, 2009
82, 5, 1, 2007, 2010, 1, 2004
83, 5, 1, 2007, 2010, 1, 2009
84, 5, 1, 2007, 2010, 1, 2005
85, 5, 1, 2007, 2010, 1, 2008
86, 5, 1, 2007, 2010, 1, 2003
87, 5, 1, 2007, 2010, 1, 2007
88, 5, 1, 2007, 2010, 1, 2009
89, 5, 1, 2007, 2010, 1, 2006
90, 5, 1, 2007, 2010, 1, 2007
91, 5, 1, 2007, 2010, 1, 2002
92, 5, 1, 2007, 2010, 1, 2001
93, 5, 1, 2007, 2010, 1, 2008
94, 5, 1, 2007, 2010, 1, 2006
95, 5, 1, 2007, 2010, 1, 2001
96, 5, 1, 2007, 2010, 1, 2008
97, 5, 1, 2007, 2010, 1, 2005
98, 5, 1, 2007, 2010, 1, 2007
99, 5, 1, 2007, 2010, 1, 2007
100, 5, 1, 2007, 2010, 1, 2006
101, 5, 1, 2007, 2010, 1, 2007
102, 5, 1, 2007, 2010, 1, 1997
103, 5, 1, 2007, 2010, 1, 2008
104, 5, 1, 2007, 2010, 1, 2007
105, 5, 1, 2007, 2010, 2, 2012
106, 5, 1, 2007, 2010, 1, 1999
107, 5, 1, 2007, 2010, 1, 2008
108, 5, 1, 2007, 2010, 1, 2007
109, 5, 1, 2007, 2010, 1, 2008
110, 5, 1, 2007, 2010, 2, 2011
111, 5, 1, 2007, 2010, 2, 2011
112, 5, 1, 2007, 2010, 1, 2009
113, 5, 1, 2007, 2010, 1, 2007
114, 5, 1, 2007, 2010, 1, 2007
115, 5, 1, 2007, 2010, 1, 2007
116, 5, 1, 2007, 2010, 1, 2008
117, 5, 1, 2007, 2010, 1, 2009
118, 5, 1, 2007, 2010, 1, 2007
119, 5, 1, 2007, 2010, 1, 2001
120, 5, 1, 2007, 2010, 1, 2002
121, 5, 1, 2007, 2010, 1, 2006
122, 5, 1, 2007, 2010, 1, 2005
123, 5, 1, 2007, 2010, 1, 2007
124, 5, 1, 2007, 2010, 1, 2008
125, 5, 1, 2007, 2010, 1, 2006
126, 5, 1, 2007, 2010, 1, 2005
127, 5, 1, 2007, 2010, 1, 2004
128, 5, 1, 2007, 2010, 1, 2009
129, 5, 1, 2007, 2010, 2, 2014
130, 5, 1, 2007, 2010, 1, 2008
131, 5, 1, 2007, 2010, 1, 2007
132, 5, 1, 2007, 2010, 1, 2001
133, 5, 1, 2007, 2010, 1, 2008
134, 5, 1, 2007, 2010, 2, 2012
135, 5, 1, 2007, 2010, 1, 2008
136, 5, 1, 2007, 2010, 2, 2012
137, 5, 1, 2007, 2010, 1, 2005
138, 5, 1, 2007, 2010, 2, 2010
139, 5, 1, 2007, 2010, 1, 2007
140, 5, 1, 2007, 2010, 1, 2005
141, 5, 1, 2007, 2010, 2, 2014
142, 5, 1, 2007, 2010, 1, 2009
143, 5, 1, 2007, 2010, 1, 2006
144, 5, 1, 2007, 2010, 1, 2008
145, 5, 1, 2007, 2010, 1, 2009
146, 5, 1, 2007, 2010, 1, 2008
147, 5, 3, 2007, NaN, NaN, 2000
148, 5, 3, 2007, NaN, NaN, 2008
149, 5, 3, 2007, NaN, NaN, 2007
150, 5, 3, 2007, NaN, NaN, 2006
151, 5, 3, 2007, NaN, NaN, 2008
152, 5, 3, 2007, NaN, NaN, 2008
153, 5, 3, 2007, NaN, NaN, 2002
154, 5, 3, 2007, NaN, NaN, 2007
155, 5, 3, 2007, NaN, NaN, 2010
156, 5, 3, 2007, NaN, NaN, 2010
157, 5, 3, 2007, NaN, NaN, 2005
158, 5, 3, 2007, NaN, NaN, 2009
159, 5, 3, 2007, NaN, NaN, 2006
160, 5, 3, 2007, NaN, NaN, 2009
161, 5, 3, 2007, NaN, NaN, 2007
162, 5, 3, 2007, NaN, NaN, 2007
163, 5, 3, 2007, NaN, NaN, 2004
164, 5, 3, 2007, NaN, NaN, 2006
165, 5, 3, 2007, NaN, NaN, 2005
166, 5, 3, 2007, NaN, NaN, 2007
167, 5, 3, 2007, NaN, NaN, 2005
168, 5, 3, 2007, NaN, NaN, 2008
169, 5, 3, 2007, NaN, NaN, 2008
170, 5, 3, 2007, NaN, NaN, 2005
171, 5, 3, 2007, NaN, NaN, 2005
172, 5, 3, 2007, NaN, NaN, 2006
174, 5, 3, 2007, NaN, NaN, 2010
175, 5, 3, 2007, NaN, NaN, 2005
176, 5, 3, 2007, NaN, NaN, 2007
177, 5, 3, 2007, NaN, NaN, 2005
178, 5, 3, 2007, NaN, NaN, 2002
179, 5, 3, 2007, NaN, NaN, 2004
180, 5, 3, 2007, NaN, NaN, 2005
181, 5, 3, 2007, NaN, NaN, 2008
182, 5, 3, 2007, NaN, NaN, 2007
183, 5, 3, 2007, NaN, NaN, 1999
184, 5, 3, 2007, NaN, NaN, 2007
185, 5, 3, 2007, NaN, NaN, 2000
186, 5, 3, 2007, NaN, NaN, 2009
187, 5, 3, 2007, NaN, NaN, 1998
188, 5, 3, 2007, NaN, NaN, 2001
189, 5, 3, 2007, NaN, NaN, 2006
190, 5, 3, 2007, NaN, NaN, 2008
191, 5, 3, 2007, NaN, NaN, 2004
192, 5, 3, 2007, NaN, NaN, 2002
193, 5, 3, 2007, NaN, NaN, 2000
194, 5, 3, 2007, NaN, NaN, 2012
1, 6, 1, 2002, 2010, 1, 2005
2, 6, 1, 2002, 2010, 1, 2008
3, 6, 1, 2002, 2010, 1, 2008
4, 6, 1, 2002, 2010, 1, 2008
5, 6, 1, 2002, 2010, 1, 2005
6, 6, 1, 2002, 2010, 1, 2005
7, 6, 1, 2002, 2010, 1, 2009
8, 6, 1, 2002, 2010, 1, 2008
9, 6, 1, 2002, 2010, 1, 2007
10, 6, 1, 2002, 2010, 1, 2007
11, 6, 1, 2002, 2010, 1, 2008
12, 6, 1, 2002, 2010, 1, 2007
13, 6, 1, 2002, 2010, 1, 2007
14, 6, 1, 2002, 2010, 1, 2008
15, 6, 1, 2002, 2010, 1, 2008
16, 6, 1, 2002, 2010, 2, 2008
17, 6, 1, 2002, 2010, 1, 2006
18, 6, 1, 2002, 2010, 1, 2005
19, 6, 1, 2002, 2010, 1, 2006
20, 6, 1, 2002, 2010, 1, 2005
21, 6, 1, 2002, 2010, 1, 2002
22, 6, 1, 2002, 2010, 1, 2000
23, 6, 1, 2002, 2010, 2, 2012
24, 6, 1, 2002, 2010, 1, 2000
25, 6, 1, 2002, 2010, 1, 1998
26, 6, 1, 2002, 2010, 1, 2007
27, 6, 1, 2002, 2010, 1, 2007
28, 6, 1, 2002, 2010, 1, 2001
29, 6, 1, 2002, 2010, 1, 2005
30, 6, 1, 2002, 2010, 1, 2005
31, 6, 1, 2002, 2010, 1, 2008
32, 6, 1, 2002, 2010, 1, 2005
33, 6, 1, 2002, 2010, 1, 2005
34, 6, 1, 2002, 2010, 2, 2013
35, 6, 1, 2002, 2010, 1, 2007
36, 6, 1, 2002, 2010, 1, 2008
37, 6, 1, 2002, 2010, 1, 2008
38, 6, 1, 2002, 2010, 1, 2000
39, 6, 1, 2002, 2010, 1, 2008
40, 6, 1, 2002, 2010, 1, 2008
41, 6, 1, 2002, 2010, 1, 2003
42, 6, 1, 2002, 2010, 1, 2005
43, 6, 1, 2002, 2010, 1, 2005
44, 6, 1, 2002, 2010, 2, 2011
45, 6, 1, 2002, 2010, 1, 2004
46, 6, 1, 2002, 2010, 1, 2005
47, 6, 1, 2002, 2010, 1, 2006
48, 6, 1, 2002, 2010, 1, 1999
49, 6, 1, 2002, 2010, 1, 2002
50, 6, 1, 2002, 2010, 1, 1997
51, 6, 1, 2002, 2010, 1, 2003
52, 6, 1, 2002, 2010, 1, 2001
53, 6, 1, 2002, 2010, 1, 2000
54, 6, 1, 2002, 2010, 2, 2011
55, 6, 1, 2002, 2010, 1, 2001
56, 6, 1, 2002, 2010, 1, 1995
57, 6, 1, 2002, 2010, 1, 2009
58, 6, 1, 2002, 2010, 1, 2006
59, 6, 1, 2002, 2010, 1, 1990
60, 6, 1, 2002, 2010, 1, 2006
61, 6, 1, 2002, 2010, 1, 2008
62, 6, 1, 2002, 2010, 1, 2008
63, 6, 1, 2002, 2010, 1, 2001
64, 6, 1, 2002, 2010, 1, 2004
65, 6, 1, 2002, 2010, 1, 2009
66, 6, 1, 2002, 2010, 1, 2005
67, 6, 1, 2002, 2010, 2, 2011
68, 6, 1, 2002, 2010, 1, 1983
69, 6, 1, 2002, 2010, 1, 2004
70, 6, 1, 2002, 2010, 1, 2005
71, 6, 1, 2002, 2010, 2, 2012
72, 6, 1, 2002, 2010, 2, 2013
73, 6, 1, 2002, 2010, 1, 2004
74, 6, 2, 2002, 1970, 2, 1990
75, 6, 2, 2002, 1970, 2, 2009
76, 6, 2, 2002, 1970, 2, 1995
77, 6, 2, 2002, 1970, 2, 1985
78, 6, 2, 2002, 1970, 2, 2007
79, 6, 2, 2002, 1970, 2, 1985
81, 6, 2, 2002, 1970, 2, 1995
82, 6, 2, 2002, 1970, 2, 2004
83, 6, 2, 2002, 1970, 2, 1980
84, 6, 2, 2002, 1970, 2, 2002
85, 6, 2, 2002, 1970, 2, 2002
86, 6, 2, 2002, 1970, 2, 2001
87, 6, 2, 2002, 1970, 2, 1980
88, 6, 2, 2002, 1970, 2, 1990
89, 6, 2, 2002, 1970, 2, 1980
90, 6, 2, 2002, 1970, 2, 2000
91, 6, 2, 2002, 1970, 2, 2000
92, 6, 2, 2002, 1970, 2, 2001
93, 6, 2, 2002, 1970, 2, 1980
94, 6, 2, 2002, 1970, 2, 1990
95, 6, 2, 2002, 1970, 2, 2018
96, 6, 2, 2002, 1970, 2, 1980
97, 6, 2, 2002, 1970, 2, 2003
98, 6, 2, 2002, 1970, 2, 1993
99, 6, 2, 2002, 1970, 2, 1985
100, 6, 2, 2002, 1970, 2, 1994
101, 6, 2, 2002, 1970, 2, 1990
102, 6, 2, 2002, 1970, 2, 2002
103, 6, 2, 2002, 1970, 2, 1995
104, 6, 2, 2002, 1970, 2, 2002
105, 6, 2, 2002, 1970, 2, 1980
106, 6, 2, 2002, 1970, 2, 2002
107, 6, 2, 2002, 1970, 2, 1997
108, 6, 2, 2002, 1970, 2, 2002
109, 6, 2, 2002, 1970, 2, 1985
110, 6, 2, 2002, 1970, 2, 1995
111, 6, 2, 2002, 1970, 2, 2005
112, 6, 2, 2002, 1970, 2, 1990
113, 6, 2, 2002, 1970, 2, 2005
114, 6, 2, 2002, 1970, 2, 1980
115, 6, 2, 2002, 1970, 2, 2002
116, 6, 2, 2002, 1970, 2, 1975
117, 6, 2, 2002, 1970, 2, 1980
118, 6, 2, 2002, 1970, 2, 2001
119, 6, 2, 2002, 1970, 2, 2000
121, 6, 2, 2002, 1970, 2, 2000
122, 6, 2, 2002, 1970, 2, 1990
123, 6, 2, 2002, 1970, 2, 2004
124, 6, 2, 2002, 1970, 2, 1990
125, 6, 2, 2002, 1970, 2, 1990
126, 6, 2, 2002, 1970, 2, 1990
127, 6, 2, 2002, 1970, 2, 1985
128, 6, 2, 2002, 1970, 2, 1975
129, 6, 2, 2002, 1970, 1, 1969
131, 6, 2, 2002, 1970, 2, 1990
132, 6, 2, 2002, 1970, 2, 1990
133, 6, 2, 2002, 1970, 2, 1975
134, 6, 2, 2002, 1970, 2, 1976
135, 6, 2, 2002, 1970, 2, 1980
136, 6, 2, 2002, 1970, 2, 1972
137, 6, 2, 2002, 1970, 2, 1975
138, 6, 2, 2002, 1970, 2, 1998
139, 6, 2, 2002, 1970, 2, 2004
140, 6, 2, 2002, 1970, 2, 2000
141, 6, 2, 2002, 1970, 2, 1973
142, 6, 2, 2002, 1970, 2, 1980
143, 6, 2, 2002, 1970, 2, 1997
144, 6, 2, 2002, 1970, 2, 2002
145, 6, 2, 2002, 1970, 2, 1978
146, 6, 2, 2002, 1970, 2, 2000
147, 6, 3, 2002, NaN, NaN, 1988
148, 6, 3, 2002, NaN, NaN, 2003
149, 6, 3, 2002, NaN, NaN, 1999
150, 6, 3, 2002, NaN, NaN, 2003
151, 6, 3, 2002, NaN, NaN, 2005
152, 6, 3, 2002, NaN, NaN, 2008
153, 6, 3, 2002, NaN, NaN, 1995
154, 6, 3, 2002, NaN, NaN, 2003
155, 6, 3, 2002, NaN, NaN, 1997
156, 6, 3, 2002, NaN, NaN, 2008
157, 6, 3, 2002, NaN, NaN, 1998
158, 6, 3, 2002, NaN, NaN, 1990
159, 6, 3, 2002, NaN, NaN, 1986
160, 6, 3, 2002, NaN, NaN, 1992
161, 6, 3, 2002, NaN, NaN, 2000
162, 6, 3, 2002, NaN, NaN, 1999
163, 6, 3, 2002, NaN, NaN, 2004
164, 6, 3, 2002, NaN, NaN, 1990
165, 6, 3, 2002, NaN, NaN, 1995
166, 6, 3, 2002, NaN, NaN, 1980
167, 6, 3, 2002, NaN, NaN, 2006
169, 6, 3, 2002, NaN, NaN, 2003
170, 6, 3, 2002, NaN, NaN, 1980
171, 6, 3, 2002, NaN, NaN, 2001
172, 6, 3, 2002, NaN, NaN, 1993
173, 6, 3, 2002, NaN, NaN, 1974
174, 6, 3, 2002, NaN, NaN, 1998
175, 6, 3, 2002, NaN, NaN, 1992
176, 6, 3, 2002, NaN, NaN, 2005
177, 6, 3, 2002, NaN, NaN, 1995
178, 6, 3, 2002, NaN, NaN, 2000
179, 6, 3, 2002, NaN, NaN, 2010
180, 6, 3, 2002, NaN, NaN, 2000
181, 6, 3, 2002, NaN, NaN, 1990
182, 6, 3, 2002, NaN, NaN, 1998
183, 6, 3, 2002, NaN, NaN, 2002
184, 6, 3, 2002, NaN, NaN, 2000
185, 6, 3, 2002, NaN, NaN, 1987
186, 6, 3, 2002, NaN, NaN, 2008
187, 6, 3, 2002, NaN, NaN, 2000
188, 6, 3, 2002, NaN, NaN, 2005
189, 6, 3, 2002, NaN, NaN, 1992
190, 6, 3, 2002, NaN, NaN, 2003
191, 6, 3, 2002, NaN, NaN, 2008
192, 6, 3, 2002, NaN, NaN, 2002
193, 6, 3, 2002, NaN, NaN, 2000
194, 6, 3, 2002, NaN, NaN, 1995
1, 7, 2, 2005, 1990, 2, 2000
2, 7, 2, 2005, 1990, 2, 2003
3, 7, 2, 2005, 1990, 2, 2004
4, 7, 2, 2005, 1990, 2, 2006
5, 7, 2, 2005, 1990, 2, 2004
6, 7, 2, 2005, 1990, 2, 1995
7, 7, 2, 2005, 1990, 2, 1998
8, 7, 2, 2005, 1990, 2, 2007
9, 7, 2, 2005, 1990, 2, 1997
10, 7, 2, 2005, 1990, 2, 2005
11, 7, 2, 2005, 1990, 2, 2000
12, 7, 2, 2005, 1990, 2, 2003
13, 7, 2, 2005, 1990, 2, 2005
14, 7, 2, 2005, 1990, 2, 2000
15, 7, 2, 2005, 1990, 2, 2000
16, 7, 2, 2005, 1990, 2, 2008
17, 7, 2, 2005, 1990, 2, 2003
18, 7, 2, 2005, 1990, 2, 1999
19, 7, 2, 2005, 1990, 2, 2004
20, 7, 2, 2005, 1990, 2, 2008
21, 7, 2, 2005, 1990, 2, 2005
22, 7, 2, 2005, 1990, 2, 1996
23, 7, 2, 2005, 1990, 2, 2003
24, 7, 2, 2005, 1990, 2, 2000
25, 7, 2, 2005, 1990, 2, 2001
26, 7, 2, 2005, 1990, 2, 2005
27, 7, 2, 2005, 1990, 2, 2003
29, 7, 2, 2005, 1990, 2, 1995
30, 7, 2, 2005, 1990, 2, 2001
31, 7, 2, 2005, 1990, 2, 2000
32, 7, 2, 2005, 1990, 2, 1995
33, 7, 2, 2005, 1990, 2, 2005
35, 7, 2, 2005, 1990, 2, 2002
36, 7, 2, 2005, 1990, 2, 2006
37, 7, 2, 2005, 1990, 2, 2000
38, 7, 2, 2005, 1990, 2, 2000
39, 7, 2, 2005, 1990, 2, 2000
40, 7, 2, 2005, 1990, 2, 2002
41, 7, 2, 2005, 1990, 2, 2006
42, 7, 2, 2005, 1990, 2, 2000
43, 7, 2, 2005, 1990, 2, 2000
44, 7, 2, 2005, 1990, 2, 2009
45, 7, 2, 2005, 1990, 2, 1996
46, 7, 2, 2005, 1990, 2, 2007
47, 7, 2, 2005, 1990, 2, 2005
48, 7, 2, 2005, 1990, 2, 2006
49, 7, 2, 2005, 1990, 2, 1997
50, 7, 2, 2005, 1990, 2, 2000
51, 7, 2, 2005, 1990, 2, 2009
52, 7, 2, 2005, 1990, 2, 1998
53, 7, 2, 2005, 1990, 2, 2000
54, 7, 2, 2005, 1990, 2, 2000
55, 7, 2, 2005, 1990, 2, 2005
56, 7, 2, 2005, 1990, 2, 1995
57, 7, 2, 2005, 1990, 2, 2010
58, 7, 2, 2005, 1990, 2, 2003
59, 7, 2, 2005, 1990, 2, 2005
60, 7, 2, 2005, 1990, 2, 2008
61, 7, 2, 2005, 1990, 2, 2005
62, 7, 2, 2005, 1990, 2, 2000
63, 7, 2, 2005, 1990, 2, 2002
64, 7, 2, 2005, 1990, 2, 2003
65, 7, 2, 2005, 1990, 2, 2004
66, 7, 2, 2005, 1990, 2, 1992
67, 7, 2, 2005, 1990, 2, 2000
68, 7, 2, 2005, 1990, 2, 2005
69, 7, 2, 2005, 1990, 2, 1998
70, 7, 2, 2005, 1990, 2, 2005
71, 7, 2, 2005, 1990, 2, 2007
72, 7, 2, 2005, 1990, 2, 2000
73, 7, 2, 2005, 1990, 2, 2000
74, 7, 1, 2005, 2010, 1, 2003
75, 7, 1, 2005, 2010, 1, 2008
76, 7, 1, 2005, 2010, 1, 2005
77, 7, 1, 2005, 2010, 1, 2007
78, 7, 1, 2005, 2010, 1, 2005
79, 7, 1, 2005, 2010, 1, 2007
80, 7, 1, 2005, 2010, 1, 2000
81, 7, 1, 2005, 2010, 1, 2005
82, 7, 1, 2005, 2010, 1, 2002
83, 7, 1, 2005, 2010, 1, 2005
84, 7, 1, 2005, 2010, 1, 2008
85, 7, 1, 2005, 2010, 1, 2008
86, 7, 1, 2005, 2010, 1, 2002
87, 7, 1, 2005, 2010, 1, 2008
88, 7, 1, 2005, 2010, 1, 2005
89, 7, 1, 2005, 2010, 1, 2000
90, 7, 1, 2005, 2010, 1, 2002
91, 7, 1, 2005, 2010, 1, 2004
92, 7, 1, 2005, 2010, 1, 1995
93, 7, 1, 2005, 2010, 1, 2006
94, 7, 1, 2005, 2010, 1, 2000
95, 7, 1, 2005, 2010, 2, 2011
96, 7, 1, 2005, 2010, 1, 2006
97, 7, 1, 2005, 2010, 1, 2000
98, 7, 1, 2005, 2010, 1, 2005
99, 7, 1, 2005, 2010, 1, 2005
100, 7, 1, 2005, 2010, 1, 2007
101, 7, 1, 2005, 2010, 1, 2004
102, 7, 1, 2005, 2010, 1, 2004
103, 7, 1, 2005, 2010, 1, 2008
104, 7, 1, 2005, 2010, 1, 2005
105, 7, 1, 2005, 2010, 1, 2005
106, 7, 1, 2005, 2010, 1, 2005
107, 7, 1, 2005, 2010, 1, 2007
108, 7, 1, 2005, 2010, 1, 2005
109, 7, 1, 2005, 2010, 1, 2008
110, 7, 1, 2005, 2010, 1, 2009
111, 7, 1, 2005, 2010, 2, 2012
112, 7, 1, 2005, 2010, 1, 2007
113, 7, 1, 2005, 2010, 1, 2004
114, 7, 1, 2005, 2010, 1, 2009
115, 7, 1, 2005, 2010, 1, 2005
116, 7, 1, 2005, 2010, 1, 2008
117, 7, 1, 2005, 2010, 2, 2012
118, 7, 1, 2005, 2010, 1, 2003
119, 7, 1, 2005, 2010, 1, 2002
120, 7, 1, 2005, 2010, 1, 2000
121, 7, 1, 2005, 2010, 1, 2005
122, 7, 1, 2005, 2010, 1, 2005
123, 7, 1, 2005, 2010, 1, 1999
124, 7, 1, 2005, 2010, 1, 2005
125, 7, 1, 2005, 2010, 1, 2004
126, 7, 1, 2005, 2010, 1, 2005
127, 7, 1, 2005, 2010, 1, 2005
128, 7, 1, 2005, 2010, 1, 2009
130, 7, 1, 2005, 2010, 1, 2002
131, 7, 1, 2005, 2010, 1, 2003
132, 7, 1, 2005, 2010, 1, 2000
133, 7, 1, 2005, 2010, 1, 2006
134, 7, 1, 2005, 2010, 1, 2000
135, 7, 1, 2005, 2010, 1, 2007
136, 7, 1, 2005, 2010, 1, 2004
137, 7, 1, 2005, 2010, 1, 2000
138, 7, 1, 2005, 2010, 1, 2005
139, 7, 1, 2005, 2010, 1, 2005
140, 7, 1, 2005, 2010, 1, 2000
141, 7, 1, 2005, 2010, 1, 2004
142, 7, 1, 2005, 2010, 1, 1998
143, 7, 1, 2005, 2010, 1, 2005
144, 7, 1, 2005, 2010, 1, 2008
145, 7, 1, 2005, 2010, 1, 2008
146, 7, 1, 2005, 2010, 1, 2000
148, 7, 3, 2005, NaN, NaN, 2008
149, 7, 3, 2005, NaN, NaN, 2002
150, 7, 3, 2005, NaN, NaN, 2006
151, 7, 3, 2005, NaN, NaN, 2002
152, 7, 3, 2005, NaN, NaN, 2005
153, 7, 3, 2005, NaN, NaN, 2008
154, 7, 3, 2005, NaN, NaN, 2005
155, 7, 3, 2005, NaN, NaN, 2008
156, 7, 3, 2005, NaN, NaN, 2009
157, 7, 3, 2005, NaN, NaN, 2005
158, 7, 3, 2005, NaN, NaN, 2006
159, 7, 3, 2005, NaN, NaN, 2005
160, 7, 3, 2005, NaN, NaN, 2006
161, 7, 3, 2005, NaN, NaN, 2005
162, 7, 3, 2005, NaN, NaN, 2006
163, 7, 3, 2005, NaN, NaN, 2000
164, 7, 3, 2005, NaN, NaN, 2005
165, 7, 3, 2005, NaN, NaN, 2002
166, 7, 3, 2005, NaN, NaN, 2005
167, 7, 3, 2005, NaN, NaN, 2009
168, 7, 3, 2005, NaN, NaN, 2000
169, 7, 3, 2005, NaN, NaN, 2000
170, 7, 3, 2005, NaN, NaN, 2001
171, 7, 3, 2005, NaN, NaN, 1997
172, 7, 3, 2005, NaN, NaN, 2005
173, 7, 3, 2005, NaN, NaN, 1997
174, 7, 3, 2005, NaN, NaN, 2005
175, 7, 3, 2005, NaN, NaN, 2001
176, 7, 3, 2005, NaN, NaN, 2000
177, 7, 3, 2005, NaN, NaN, 2005
178, 7, 3, 2005, NaN, NaN, 2005
179, 7, 3, 2005, NaN, NaN, 2004
180, 7, 3, 2005, NaN, NaN, 1995
181, 7, 3, 2005, NaN, NaN, 2010
182, 7, 3, 2005, NaN, NaN, 2000
184, 7, 3, 2005, NaN, NaN, 2007
185, 7, 3, 2005, NaN, NaN, 2000
186, 7, 3, 2005, NaN, NaN, 2010
187, 7, 3, 2005, NaN, NaN, 2000
188, 7, 3, 2005, NaN, NaN, 2003
189, 7, 3, 2005, NaN, NaN, 2005
190, 7, 3, 2005, NaN, NaN, 2007
191, 7, 3, 2005, NaN, NaN, 2006
192, 7, 3, 2005, NaN, NaN, 2005
193, 7, 3, 2005, NaN, NaN, 2005
194, 7, 3, 2005, NaN, NaN, 2011
1, 8, 1, 1955, 1980, 1, 1970
2, 8, 1, 1955, 1980, 2, 1990
3, 8, 1, 1955, 1980, 1, 1970
4, 8, 1, 1955, 1980, 1, 1960
5, 8, 1, 1955, 1980, 1, 1960
6, 8, 1, 1955, 1980, 1, 1970
7, 8, 1, 1955, 1980, 1, 1945
8, 8, 1, 1955, 1980, 1, 1970
9, 8, 1, 1955, 1980, 2, 1985
10, 8, 1, 1955, 1980, 1, 1960
11, 8, 1, 1955, 1980, 1, 1975
12, 8, 1, 1955, 1980, 1, 1977
13, 8, 1, 1955, 1980, 1, 1970
14, 8, 1, 1955, 1980, 1, 1965
15, 8, 1, 1955, 1980, 1, 1970
16, 8, 1, 1955, 1980, 2, 1985
17, 8, 1, 1955, 1980, 1, 1950
18, 8, 1, 1955, 1980, 1, 1970
19, 8, 1, 1955, 1980, 1, 1955
20, 8, 1, 1955, 1980, 1, 1960
21, 8, 1, 1955, 1980, 1, 1975
22, 8, 1, 1955, 1980, 1, 1976
23, 8, 1, 1955, 1980, 1, 1950
24, 8, 1, 1955, 1980, 1, 1975
25, 8, 1, 1955, 1980, 1, 1963
26, 8, 1, 1955, 1980, 1, 1955
27, 8, 1, 1955, 1980, 2, 1985
28, 8, 1, 1955, 1980, 1, 1970
29, 8, 1, 1955, 1980, 1, 1935
30, 8, 1, 1955, 1980, 1, 1968
31, 8, 1, 1955, 1980, 1, 1970
32, 8, 1, 1955, 1980, 2, 1991
33, 8, 1, 1955, 1980, 1, 1970
34, 8, 1, 1955, 1980, 1, 1950
35, 8, 1, 1955, 1980, 1, 1940
36, 8, 1, 1955, 1980, 1, 1969
37, 8, 1, 1955, 1980, 2, 1985
38, 8, 1, 1955, 1980, 1, 1975
39, 8, 1, 1955, 1980, 2, 1990
40, 8, 1, 1955, 1980, 1, 1950
41, 8, 1, 1955, 1980, 1, 1962
43, 8, 1, 1955, 1980, 1, 1950
44, 8, 1, 1955, 1980, 1, 1970
45, 8, 1, 1955, 1980, 1, 1965
46, 8, 1, 1955, 1980, 1, 1970
47, 8, 1, 1955, 1980, 2, 1985
48, 8, 1, 1955, 1980, 1, 1960
49, 8, 1, 1955, 1980, 2, 1989
50, 8, 1, 1955, 1980, 1, 1970
51, 8, 1, 1955, 1980, 1, 1967
52, 8, 1, 1955, 1980, 2, 1985
53, 8, 1, 1955, 1980, 2, 1990
54, 8, 1, 1955, 1980, 1, 1960
55, 8, 1, 1955, 1980, 1, 1960
56, 8, 1, 1955, 1980, 1, 1930
57, 8, 1, 1955, 1980, 1, 1940
58, 8, 1, 1955, 1980, 1, 1967
59, 8, 1, 1955, 1980, 1, 1950
60, 8, 1, 1955, 1980, 1, 1940
61, 8, 1, 1955, 1980, 1, 1960
62, 8, 1, 1955, 1980, 1, 1960
63, 8, 1, 1955, 1980, 1, 1970
64, 8, 1, 1955, 1980, 1, 1960
65, 8, 1, 1955, 1980, 1, 1943
66, 8, 1, 1955, 1980, 2, 1983
68, 8, 1, 1955, 1980, 2, 2000
69, 8, 1, 1955, 1980, 1, 1968
70, 8, 1, 1955, 1980, 1, 1955
71, 8, 1, 1955, 1980, 1, 1977
72, 8, 1, 1955, 1980, 1, 1950
73, 8, 1, 1955, 1980, 1, 1948
74, 8, 2, 1955, 1920, 2, 1950
75, 8, 2, 1955, 1920, 2, 1996
76, 8, 2, 1955, 1920, 2, 1950
77, 8, 2, 1955, 1920, 2, 1950
78, 8, 2, 1955, 1920, 2, 1942
79, 8, 2, 1955, 1920, 2, 1950
80, 8, 2, 1955, 1920, 2, 1975
81, 8, 2, 1955, 1920, 2, 1950
82, 8, 2, 1955, 1920, 1, 1970
83, 8, 2, 1955, 1920, 2, 1950
84, 8, 2, 1955, 1920, 2, 1950
85, 8, 2, 1955, 1920, 2, 1922
86, 8, 2, 1955, 1920, 2, 1940
87, 8, 2, 1955, 1920, 2, 1930
88, 8, 2, 1955, 1920, 2, 1970
89, 8, 2, 1955, 1920, 2, 1940
90, 8, 2, 1955, 1920, 2, 1930
91, 8, 2, 1955, 1920, 2, 1980
92, 8, 2, 1955, 1920, 2, 1932
93, 8, 2, 1955, 1920, 1, 1919
94, 8, 2, 1955, 1920, 2, 1960
95, 8, 2, 1955, 1920, 2, 1980
96, 8, 2, 1955, 1920, 2, 1942
97, 8, 2, 1955, 1920, 2, 1950
98, 8, 2, 1955, 1920, 2, 1962
99, 8, 2, 1955, 1920, 2, 1942
100, 8, 2, 1955, 1920, 2, 1963
101, 8, 2, 1955, 1920, 2, 1950
102, 8, 2, 1955, 1920, 2, 1916
103, 8, 2, 1955, 1920, 2, 1933
104, 8, 2, 1955, 1920, 2, 1955
105, 8, 2, 1955, 1920, 2, 1980
106, 8, 2, 1955, 1920, 2, 1945
107, 8, 2, 1955, 1920, 2, 1963
108, 8, 2, 1955, 1920, 2, 1930
109, 8, 2, 1955, 1920, 2, 1923
110, 8, 2, 1955, 1920, 2, 1940
111, 8, 2, 1955, 1920, 2, 1950
112, 8, 2, 1955, 1920, 2, 1935
113, 8, 2, 1955, 1920, 2, 1940
114, 8, 2, 1955, 1920, 2, 1925
115, 8, 2, 1955, 1920, 2, 1955
116, 8, 2, 1955, 1920, 2, 1950
117, 8, 2, 1955, 1920, 2, 1930
118, 8, 2, 1955, 1920, 2, 1951
119, 8, 2, 1955, 1920, 2, 1960
120, 8, 2, 1955, 1920, 2, 1980
121, 8, 2, 1955, 1920, 2, 1955
122, 8, 2, 1955, 1920, 2, 1950
123, 8, 2, 1955, 1920, 2, 1994
124, 8, 2, 1955, 1920, 1, 1910
125, 8, 2, 1955, 1920, 2, 1960
126, 8, 2, 1955, 1920, 2, 1970
127, 8, 2, 1955, 1920, 2, 1945
128, 8, 2, 1955, 1920, 2, 1925
129, 8, 2, 1955, 1920, 2, 1960
130, 8, 2, 1955, 1920, 2, 1950
131, 8, 2, 1955, 1920, 2, 1950
132, 8, 2, 1955, 1920, 2, 1980
133, 8, 2, 1955, 1920, 2, 1930
134, 8, 2, 1955, 1920, 2, 1950
135, 8, 2, 1955, 1920, 2, 1950
136, 8, 2, 1955, 1920, 2, 1958
137, 8, 2, 1955, 1920, 1, 1890
138, 8, 2, 1955, 1920, 2, 1960
139, 8, 2, 1955, 1920, 2, 1955
140, 8, 2, 1955, 1920, 2, 1930
141, 8, 2, 1955, 1920, 2, 1965
142, 8, 2, 1955, 1920, 2, 1940
143, 8, 2, 1955, 1920, 2, 1940
144, 8, 2, 1955, 1920, 2, 1940
145, 8, 2, 1955, 1920, 2, 1930
146, 8, 2, 1955, 1920, 2, 1925
147, 8, 3, 1955, NaN, NaN, 1921
148, 8, 3, 1955, NaN, NaN, 1960
149, 8, 3, 1955, NaN, NaN, 1998
150, 8, 3, 1955, NaN, NaN, 1985
151, 8, 3, 1955, NaN, NaN, 1960
152, 8, 3, 1955, NaN, NaN, 1984
153, 8, 3, 1955, NaN, NaN, 1952
154, 8, 3, 1955, NaN, NaN, 1955
155, 8, 3, 1955, NaN, NaN, 1968
156, 8, 3, 1955, NaN, NaN, 2003
157, 8, 3, 1955, NaN, NaN, 1940
158, 8, 3, 1955, NaN, NaN, 1975
159, 8, 3, 1955, NaN, NaN, 1950
160, 8, 3, 1955, NaN, NaN, 1926
161, 8, 3, 1955, NaN, NaN, 1954
162, 8, 3, 1955, NaN, NaN, 1920
163, 8, 3, 1955, NaN, NaN, 1970
164, 8, 3, 1955, NaN, NaN, 1965
165, 8, 3, 1955, NaN, NaN, 1950
166, 8, 3, 1955, NaN, NaN, 1940
167, 8, 3, 1955, NaN, NaN, 1965
169, 8, 3, 1955, NaN, NaN, 1960
170, 8, 3, 1955, NaN, NaN, 1970
171, 8, 3, 1955, NaN, NaN, 1970
172, 8, 3, 1955, NaN, NaN, 1952
173, 8, 3, 1955, NaN, NaN, 1989
174, 8, 3, 1955, NaN, NaN, 1950
175, 8, 3, 1955, NaN, NaN, 1973
176, 8, 3, 1955, NaN, NaN, 1960
177, 8, 3, 1955, NaN, NaN, 1930
178, 8, 3, 1955, NaN, NaN, 1920
179, 8, 3, 1955, NaN, NaN, 1930
180, 8, 3, 1955, NaN, NaN, 2004
181, 8, 3, 1955, NaN, NaN, 1990
182, 8, 3, 1955, NaN, NaN, 1960
183, 8, 3, 1955, NaN, NaN, 1943
184, 8, 3, 1955, NaN, NaN, 1975
185, 8, 3, 1955, NaN, NaN, 1988
186, 8, 3, 1955, NaN, NaN, 1999
187, 8, 3, 1955, NaN, NaN, 1988
188, 8, 3, 1955, NaN, NaN, 1960
189, 8, 3, 1955, NaN, NaN, 1949
190, 8, 3, 1955, NaN, NaN, 1952
191, 8, 3, 1955, NaN, NaN, 1958
192, 8, 3, 1955, NaN, NaN, 1956
193, 8, 3, 1955, NaN, NaN, 1980
194, 8, 3, 1955, NaN, NaN, 1952
1, 9, 2, 1775, 1730, 2, 1800
2, 9, 2, 1775, 1730, 2, 1800
3, 9, 2, 1775, 1730, 2, 1740
4, 9, 2, 1775, 1730, 2, 1770
5, 9, 2, 1775, 1730, 2, 1775
6, 9, 2, 1775, 1730, 2, 1760
7, 9, 2, 1775, 1730, 2, 1775
8, 9, 2, 1775, 1730, 2, 1830
9, 9, 2, 1775, 1730, 2, 1820
10, 9, 2, 1775, 1730, 2, 1777
11, 9, 2, 1775, 1730, 2, 1776
12, 9, 2, 1775, 1730, 2, 1776
13, 9, 2, 1775, 1730, 2, 1770
14, 9, 2, 1775, 1730, 1, 1720
15, 9, 2, 1775, 1730, 1, 1700
17, 9, 2, 1775, 1730, 2, 1773
18, 9, 2, 1775, 1730, 1, 1725
19, 9, 2, 1775, 1730, 2, 1825
20, 9, 2, 1775, 1730, 2, 1735
21, 9, 2, 1775, 1730, 2, 1775
22, 9, 2, 1775, 1730, 2, 1742
23, 9, 2, 1775, 1730, 2, 1803
24, 9, 2, 1775, 1730, 2, 1780
25, 9, 2, 1775, 1730, 2, 1749
26, 9, 2, 1775, 1730, 2, 1730
27, 9, 2, 1775, 1730, 1, 1755
28, 9, 2, 1775, 1730, 1, 1721
29, 9, 2, 1775, 1730, 2, 1770
30, 9, 2, 1775, 1730, 2, 1812
31, 9, 2, 1775, 1730, 2, 1776
32, 9, 2, 1775, 1730, 2, 1748
33, 9, 2, 1775, 1730, 2, 1774
34, 9, 2, 1775, 1730, 2, 1745
35, 9, 2, 1775, 1730, 2, 1776
36, 9, 2, 1775, 1730, 2, 1747
37, 9, 2, 1775, 1730, 2, 1780
38, 9, 2, 1775, 1730, 1, 1710
40, 9, 2, 1775, 1730, 2, 1770
41, 9, 2, 1775, 1730, 2, 1776
42, 9, 2, 1775, 1730, 1, 1724
43, 9, 2, 1775, 1730, 2, 1800
44, 9, 2, 1775, 1730, 2, 1750
45, 9, 2, 1775, 1730, 2, 1776
47, 9, 2, 1775, 1730, 2, 1776
48, 9, 2, 1775, 1730, 2, 1776
49, 9, 2, 1775, 1730, 2, 1800
50, 9, 2, 1775, 1730, 2, 1850
52, 9, 2, 1775, 1730, 2, 1746
53, 9, 2, 1775, 1730, 2, 1800
54, 9, 2, 1775, 1730, 2, 1780
55, 9, 2, 1775, 1730, 2, 1740
56, 9, 2, 1775, 1730, 2, 1764
58, 9, 2, 1775, 1730, 2, 1780
59, 9, 2, 1775, 1730, 2, 1770
60, 9, 2, 1775, 1730, 2, 1776
61, 9, 2, 1775, 1730, 2, 1776
62, 9, 2, 1775, 1730, 2, 1736
63, 9, 2, 1775, 1730, 2, 1800
64, 9, 2, 1775, 1730, 2, 1731
65, 9, 2, 1775, 1730, 2, 1780
66, 9, 2, 1775, 1730, 2, 1735
67, 9, 2, 1775, 1730, 2, 1800
68, 9, 2, 1775, 1730, 2, 1775
69, 9, 2, 1775, 1730, 2, 1773
70, 9, 2, 1775, 1730, 2, 1750
71, 9, 2, 1775, 1730, 2, 1780
73, 9, 2, 1775, 1730, 2, 1775
74, 9, 1, 1775, 1820, 1, 1800
75, 9, 1, 1775, 1820, 1, 1776
76, 9, 1, 1775, 1820, 1, 1776
77, 9, 1, 1775, 1820, 1, 1786
78, 9, 1, 1775, 1820, 1, 1720
79, 9, 1, 1775, 1820, 1, 1775
80, 9, 1, 1775, 1820, 2, 1780
81, 9, 1, 1775, 1820, 1, 1800
82, 9, 1, 1775, 1820, 1, 1775
83, 9, 1, 1775, 1820, 1, 1776
84, 9, 1, 1775, 1820, 1, 1776
85, 9, 1, 1775, 1820, 2, 1830
86, 9, 1, 1775, 1820, 1, 1774
87, 9, 1, 1775, 1820, 2, 1880
88, 9, 1, 1775, 1820, 1, 1870
89, 9, 1, 1775, 1820, 1, 1770
90, 9, 1, 1775, 1820, 1, 1770
91, 9, 1, 1775, 1820, 1, 1814
92, 9, 1, 1775, 1820, 1, 1819
93, 9, 1, 1775, 1820, 1, 1812
94, 9, 1, 1775, 1820, 1, 1770
96, 9, 1, 1775, 1820, 1, 1763
97, 9, 1, 1775, 1820, 2, 1836
98, 9, 1, 1775, 1820, 1, 1778
99, 9, 1, 1775, 1820, 1, 1772
100, 9, 1, 1775, 1820, 1, 1765
101, 9, 1, 1775, 1820, 1, 1700
102, 9, 1, 1775, 1820, 1, 1776
103, 9, 1, 1775, 1820, 1, 1765
104, 9, 1, 1775, 1820, 1, 1775
105, 9, 1, 1775, 1820, 2, 1828
106, 9, 1, 1775, 1820, 1, 1785
107, 9, 1, 1775, 1820, 2, 1888
108, 9, 1, 1775, 1820, 1, 1760
109, 9, 1, 1775, 1820, 2, 1902
110, 9, 1, 1775, 1820, 1, 1778
112, 9, 1, 1775, 1820, 1, 1776
113, 9, 1, 1775, 1820, 2, 1825
114, 9, 1, 1775, 1820, 2, 1870
115, 9, 1, 1775, 1820, 1, 1754
116, 9, 1, 1775, 1820, 1, 1776
117, 9, 1, 1775, 1820, 1, 1810
118, 9, 1, 1775, 1820, 1, 1812
119, 9, 1, 1775, 1820, 1, 1816
120, 9, 1, 1775, 1820, 1, 1790
121, 9, 1, 1775, 1820, 1, 1775
122, 9, 1, 1775, 1820, 1, 1770
123, 9, 1, 1775, 1820, 2, 1775
124, 9, 1, 1775, 1820, 1, 1776
125, 9, 1, 1775, 1820, 1, 1720
126, 9, 1, 1775, 1820, 1, 1770
127, 9, 1, 1775, 1820, 1, 1812
128, 9, 1, 1775, 1820, 1, 1785
129, 9, 1, 1775, 1820, 1, 1830
130, 9, 1, 1775, 1820, 1, 1780
131, 9, 1, 1775, 1820, 1, 1775
132, 9, 1, 1775, 1820, 2, 1850
133, 9, 1, 1775, 1820, 1, 1800
134, 9, 1, 1775, 1820, 2, 1820
135, 9, 1, 1775, 1820, 1, 1780
136, 9, 1, 1775, 1820, 2, 1845
137, 9, 1, 1775, 1820, 2, 1840
138, 9, 1, 1775, 1820, 1, 1730
139, 9, 1, 1775, 1820, 1, 1775
140, 9, 1, 1775, 1820, 2, 1900
141, 9, 1, 1775, 1820, 2, 1840
142, 9, 1, 1775, 1820, 2, 1850
143, 9, 1, 1775, 1820, 2, 1840
144, 9, 1, 1775, 1820, 1, 1750
145, 9, 1, 1775, 1820, 2, 1825
146, 9, 1, 1775, 1820, 2, 1825
147, 9, 3, 1775, NaN, NaN, 1876
148, 9, 3, 1775, NaN, NaN, 1777
149, 9, 3, 1775, NaN, NaN, 1780
150, 9, 3, 1775, NaN, NaN, 1773
151, 9, 3, 1775, NaN, NaN, 1775
152, 9, 3, 1775, NaN, NaN, 1830
153, 9, 3, 1775, NaN, NaN, 1745
154, 9, 3, 1775, NaN, NaN, 1772
155, 9, 3, 1775, NaN, NaN, 1776
157, 9, 3, 1775, NaN, NaN, 1750
158, 9, 3, 1775, NaN, NaN, 1780
159, 9, 3, 1775, NaN, NaN, 1771
160, 9, 3, 1775, NaN, NaN, 1772
161, 9, 3, 1775, NaN, NaN, 1776
162, 9, 3, 1775, NaN, NaN, 1800
164, 9, 3, 1775, NaN, NaN, 1775
165, 9, 3, 1775, NaN, NaN, 1750
166, 9, 3, 1775, NaN, NaN, 1775
168, 9, 3, 1775, NaN, NaN, 1750
169, 9, 3, 1775, NaN, NaN, 1773
170, 9, 3, 1775, NaN, NaN, 1750
171, 9, 3, 1775, NaN, NaN, 1775
172, 9, 3, 1775, NaN, NaN, 1774
173, 9, 3, 1775, NaN, NaN, 1864
174, 9, 3, 1775, NaN, NaN, 1776
175, 9, 3, 1775, NaN, NaN, 1776
176, 9, 3, 1775, NaN, NaN, 1730
177, 9, 3, 1775, NaN, NaN, 1730
178, 9, 3, 1775, NaN, NaN, 1890
179, 9, 3, 1775, NaN, NaN, 1730
180, 9, 3, 1775, NaN, NaN, 1700
181, 9, 3, 1775, NaN, NaN, 1715
182, 9, 3, 1775, NaN, NaN, 1775
184, 9, 3, 1775, NaN, NaN, 1774
187, 9, 3, 1775, NaN, NaN, 1767
188, 9, 3, 1775, NaN, NaN, 1780
189, 9, 3, 1775, NaN, NaN, 1780
190, 9, 3, 1775, NaN, NaN, 1870
191, 9, 3, 1775, NaN, NaN, 1872
193, 9, 3, 1775, NaN, NaN, 1775
194, 9, 3, 1775, NaN, NaN, 1775
1, 10, 1, 1981, 2000, 1, 1980
2, 10, 1, 1981, 2000, 1, 1950
3, 10, 1, 1981, 2000, 1, 1980
4, 10, 1, 1981, 2000, 1, 1980
5, 10, 1, 1981, 2000, 1, 1988
6, 10, 1, 1981, 2000, 2, 2002
7, 10, 1, 1981, 2000, 1, 1995
8, 10, 1, 1981, 2000, 1, 1992
9, 10, 1, 1981, 2000, 1, 1998
10, 10, 1, 1981, 2000, 1, 1970
11, 10, 1, 1981, 2000, 1, 1984
12, 10, 1, 1981, 2000, 1, 1980
13, 10, 1, 1981, 2000, 1, 1996
14, 10, 1, 1981, 2000, 2, 2004
15, 10, 1, 1981, 2000, 1, 1998
16, 10, 1, 1981, 2000, 2, 2003
17, 10, 1, 1981, 2000, 1, 1980
18, 10, 1, 1981, 2000, 1, 1995
19, 10, 1, 1981, 2000, 1, 1984
20, 10, 1, 1981, 2000, 1, 1999
21, 10, 1, 1981, 2000, 1, 1980
22, 10, 1, 1981, 2000, 1, 1984
23, 10, 1, 1981, 2000, 1, 1996
24, 10, 1, 1981, 2000, 1, 1990
25, 10, 1, 1981, 2000, 1, 1990
26, 10, 1, 1981, 2000, 1, 1994
27, 10, 1, 1981, 2000, 1, 1980
28, 10, 1, 1981, 2000, 2, 2003
29, 10, 1, 1981, 2000, 1, 1995
30, 10, 1, 1981, 2000, 2, 1990
31, 10, 1, 1981, 2000, 1, 1974
32, 10, 1, 1981, 2000, 2, 2004
33, 10, 1, 1981, 2000, 1, 1984
34, 10, 1, 1981, 2000, 1, 1990
35, 10, 1, 1981, 2000, 1, 1980
36, 10, 1, 1981, 2000, 1, 1990
37, 10, 1, 1981, 2000, 1, 1985
38, 10, 1, 1981, 2000, 1, 1980
39, 10, 1, 1981, 2000, 1, 1996
40, 10, 1, 1981, 2000, 1, 1996
41, 10, 1, 1981, 2000, 1, 1980
42, 10, 1, 1981, 2000, 2, 2010
43, 10, 1, 1981, 2000, 1, 1960
44, 10, 1, 1981, 2000, 2, 2004
45, 10, 1, 1981, 2000, 1, 1980
46, 10, 1, 1981, 2000, 2, 2004
47, 10, 1, 1981, 2000, 1, 1974
48, 10, 1, 1981, 2000, 1, 1996
49, 10, 1, 1981, 2000, 2, 2004
50, 10, 1, 1981, 2000, 1, 1990
51, 10, 1, 1981, 2000, 1, 1986
52, 10, 1, 1981, 2000, 1, 1992
53, 10, 1, 1981, 2000, 1, 1960
54, 10, 1, 1981, 2000, 1, 1990
55, 10, 1, 1981, 2000, 1, 1980
56, 10, 1, 1981, 2000, 1, 1965
57, 10, 1, 1981, 2000, 1, 1980
58, 10, 1, 1981, 2000, 1, 1996
59, 10, 1, 1981, 2000, 1, 1990
60, 10, 1, 1981, 2000, 1, 1990
61, 10, 1, 1981, 2000, 1, 1980
62, 10, 1, 1981, 2000, 2, 2004
63, 10, 1, 1981, 2000, 1, 1990
64, 10, 1, 1981, 2000, 1, 1970
65, 10, 1, 1981, 2000, 1, 1965
66, 10, 1, 1981, 2000, 1, 1996
67, 10, 1, 1981, 2000, 2, 2006
68, 10, 1, 1981, 2000, 1, 1980
69, 10, 1, 1981, 2000, 1, 1992
70, 10, 1, 1981, 2000, 1, 1955
71, 10, 1, 1981, 2000, 2, 2002
72, 10, 1, 1981, 2000, 1, 1990
73, 10, 1, 1981, 2000, 1, 1981
74, 10, 2, 1981, 1960, 2, 1975
75, 10, 2, 1981, 1960, 2, 1981
76, 10, 2, 1981, 1960, 2, 1970
77, 10, 2, 1981, 1960, 2, 1975
78, 10, 2, 1981, 1960, 2, 1984
79, 10, 2, 1981, 1960, 2, 1981
80, 10, 2, 1981, 1960, 1, 1942
81, 10, 2, 1981, 1960, 2, 1970
82, 10, 2, 1981, 1960, 2, 1987
83, 10, 2, 1981, 1960, 2, 1970
84, 10, 2, 1981, 1960, 2, 1975
85, 10, 2, 1981, 1960, 2, 1992
86, 10, 2, 1981, 1960, 2, 1985
87, 10, 2, 1981, 1960, 1, 1950
88, 10, 2, 1981, 1960, 2, 1965
89, 10, 2, 1981, 1960, 2, 1970
90, 10, 2, 1981, 1960, 2, 1976
91, 10, 2, 1981, 1960, 2, 1985
92, 10, 2, 1981, 1960, 1, 1954
93, 10, 2, 1981, 1960, 2, 1962
94, 10, 2, 1981, 1960, 2, 1980
95, 10, 2, 1981, 1960, 1, 1940
96, 10, 2, 1981, 1960, 2, 1963
97, 10, 2, 1981, 1960, 2, 1984
98, 10, 2, 1981, 1960, 2, 1980
99, 10, 2, 1981, 1960, 2, 1961
100, 10, 2, 1981, 1960, 2, 1978
101, 10, 2, 1981, 1960, 2, 1985
102, 10, 2, 1981, 1960, 2, 1992
103, 10, 2, 1981, 1960, 2, 1972
104, 10, 2, 1981, 1960, 2, 1981
105, 10, 2, 1981, 1960, 2, 2000
106, 10, 2, 1981, 1960, 2, 1972
107, 10, 2, 1981, 1960, 2, 1968
109, 10, 2, 1981, 1960, 2, 1962
110, 10, 2, 1981, 1960, 2, 1970
111, 10, 2, 1981, 1960, 2, 1968
112, 10, 2, 1981, 1960, 2, 1980
113, 10, 2, 1981, 1960, 2, 1980
114, 10, 2, 1981, 1960, 1, 1958
115, 10, 2, 1981, 1960, 2, 1981
116, 10, 2, 1981, 1960, 2, 1985
117, 10, 2, 1981, 1960, 2, 1970
118, 10, 2, 1981, 1960, 2, 1970
119, 10, 2, 1981, 1960, 2, 1980
120, 10, 2, 1981, 1960, 2, 1980
121, 10, 2, 1981, 1960, 2, 1982
122, 10, 2, 1981, 1960, 2, 1984
123, 10, 2, 1981, 1960, 2, 2000
124, 10, 2, 1981, 1960, 2, 1970
125, 10, 2, 1981, 1960, 1, 1940
126, 10, 2, 1981, 1960, 2, 1970
127, 10, 2, 1981, 1960, 2, 1977
128, 10, 2, 1981, 1960, 2, 1980
129, 10, 2, 1981, 1960, 2, 2000
130, 10, 2, 1981, 1960, 2, 1970
131, 10, 2, 1981, 1960, 2, 1980
132, 10, 2, 1981, 1960, 2, 1970
133, 10, 2, 1981, 1960, 2, 1985
134, 10, 2, 1981, 1960, 2, 2000
135, 10, 2, 1981, 1960, 2, 1970
136, 10, 2, 1981, 1960, 2, 1984
137, 10, 2, 1981, 1960, 2, 1980
138, 10, 2, 1981, 1960, 1, 1958
139, 10, 2, 1981, 1960, 2, 1981
140, 10, 2, 1981, 1960, 2, 1970
141, 10, 2, 1981, 1960, 2, 1980
142, 10, 2, 1981, 1960, 2, 1995
143, 10, 2, 1981, 1960, 2, 1980
144, 10, 2, 1981, 1960, 2, 1990
145, 10, 2, 1981, 1960, 2, 1974
146, 10, 2, 1981, 1960, 2, 1970
147, 10, 3, 1981, NaN, NaN, 2000
148, 10, 3, 1981, NaN, NaN, 1980
149, 10, 3, 1981, NaN, NaN, 1976
150, 10, 3, 1981, NaN, NaN, 1984
151, 10, 3, 1981, NaN, NaN, 1996
152, 10, 3, 1981, NaN, NaN, 1960
153, 10, 3, 1981, NaN, NaN, 1984
154, 10, 3, 1981, NaN, NaN, 1980
155, 10, 3, 1981, NaN, NaN, 1984
156, 10, 3, 1981, NaN, NaN, 2004
157, 10, 3, 1981, NaN, NaN, 1980
158, 10, 3, 1981, NaN, NaN, 1980
159, 10, 3, 1981, NaN, NaN, 1984
160, 10, 3, 1981, NaN, NaN, 1979
161, 10, 3, 1981, NaN, NaN, 1980
162, 10, 3, 1981, NaN, NaN, 1980
163, 10, 3, 1981, NaN, NaN, 2001
164, 10, 3, 1981, NaN, NaN, 1988
165, 10, 3, 1981, NaN, NaN, 1975
166, 10, 3, 1981, NaN, NaN, 1950
167, 10, 3, 1981, NaN, NaN, 1965
168, 10, 3, 1981, NaN, NaN, 1990
169, 10, 3, 1981, NaN, NaN, 1990
170, 10, 3, 1981, NaN, NaN, 1992
171, 10, 3, 1981, NaN, NaN, 1981
172, 10, 3, 1981, NaN, NaN, 1984
173, 10, 3, 1981, NaN, NaN, 1969
174, 10, 3, 1981, NaN, NaN, 1980
175, 10, 3, 1981, NaN, NaN, 1982
176, 10, 3, 1981, NaN, NaN, 1983
177, 10, 3, 1981, NaN, NaN, 1980
178, 10, 3, 1981, NaN, NaN, 1960
179, 10, 3, 1981, NaN, NaN, 1960
180, 10, 3, 1981, NaN, NaN, 1950
181, 10, 3, 1981, NaN, NaN, 2010
182, 10, 3, 1981, NaN, NaN, 1980
183, 10, 3, 1981, NaN, NaN, 2001
184, 10, 3, 1981, NaN, NaN, 1965
185, 10, 3, 1981, NaN, NaN, 1986
186, 10, 3, 1981, NaN, NaN, 1980
188, 10, 3, 1981, NaN, NaN, 1985
189, 10, 3, 1981, NaN, NaN, 1981
190, 10, 3, 1981, NaN, NaN, 1982
191, 10, 3, 1981, NaN, NaN, 2001
192, 10, 3, 1981, NaN, NaN, 1998
193, 10, 3, 1981, NaN, NaN, 1981
194, 10, 3, 1981, NaN, NaN, 1981
1, 11, 2, 1995, 1990, 2, 1995
2, 11, 2, 1995, 1990, 1, 1980
3, 11, 2, 1995, 1990, 1, 1985
4, 11, 2, 1995, 1990, 2, 1996
5, 11, 2, 1995, 1990, 2, 1995
6, 11, 2, 1995, 1990, 2, 1993
7, 11, 2, 1995, 1990, 1, 1989
8, 11, 2, 1995, 1990, 1, 1975
9, 11, 2, 1995, 1990, 2, 1995
10, 11, 2, 1995, 1990, 1, 1975
11, 11, 2, 1995, 1990, 2, 1994
12, 11, 2, 1995, 1990, 2, 1991
13, 11, 2, 1995, 1990, 1, 1985
14, 11, 2, 1995, 1990, 1, 1970
15, 11, 2, 1995, 1990, 2, 1994
16, 11, 2, 1995, 1990, 1, 1988
17, 11, 2, 1995, 1990, 2, 1996
18, 11, 2, 1995, 1990, 1, 1980
19, 11, 2, 1995, 1990, 2, 2004
20, 11, 2, 1995, 1990, 1, 1980
21, 11, 2, 1995, 1990, 1, 1980
22, 11, 2, 1995, 1990, 2, 1997
23, 11, 2, 1995, 1990, 2, 1992
24, 11, 2, 1995, 1990, 1, 1970
25, 11, 2, 1995, 1990, 1, 1987
26, 11, 2, 1995, 1990, 1, 1980
27, 11, 2, 1995, 1990, 2, 1994
28, 11, 2, 1995, 1990, 2, 1995
29, 11, 2, 1995, 1990, 2, 1995
30, 11, 2, 1995, 1990, 2, 2000
31, 11, 2, 1995, 1990, 2, 1995
32, 11, 2, 1995, 1990, 2, 1995
33, 11, 2, 1995, 1990, 2, 1995
34, 11, 2, 1995, 1990, 2, 1994
35, 11, 2, 1995, 1990, 2, 1993
36, 11, 2, 1995, 1990, 1, 1960
37, 11, 2, 1995, 1990, 2, 2000
38, 11, 2, 1995, 1990, 1, 1985
39, 11, 2, 1995, 1990, 2, 1992
40, 11, 2, 1995, 1990, 2, 1993
41, 11, 2, 1995, 1990, 2, 1995
42, 11, 2, 1995, 1990, 1, 1985
43, 11, 2, 1995, 1990, 2, 2000
44, 11, 2, 1995, 1990, 1, 1970
45, 11, 2, 1995, 1990, 2, 1994
46, 11, 2, 1995, 1990, 1, 1985
47, 11, 2, 1995, 1990, 1, 1989
48, 11, 2, 1995, 1990, 1, 1999
49, 11, 2, 1995, 1990, 1, 1987
50, 11, 2, 1995, 1990, 2, 2000
51, 11, 2, 1995, 1990, 2, 2000
52, 11, 2, 1995, 1990, 1, 1989
53, 11, 2, 1995, 1990, 1, 1960
54, 11, 2, 1995, 1990, 1, 1988
55, 11, 2, 1995, 1990, 1, 1981
56, 11, 2, 1995, 1990, 1, 1987
57, 11, 2, 1995, 1990, 2, 1996
58, 11, 2, 1995, 1990, 1, 1987
59, 11, 2, 1995, 1990, 2, 2000
60, 11, 2, 1995, 1990, 2, 2003
61, 11, 2, 1995, 1990, 2, 1999
62, 11, 2, 1995, 1990, 1, 1985
63, 11, 2, 1995, 1990, 2, 1999
64, 11, 2, 1995, 1990, 1, 1950
65, 11, 2, 1995, 1990, 2, 1992
66, 11, 2, 1995, 1990, 2, 1991
67, 11, 2, 1995, 1990, 2, 1998
68, 11, 2, 1995, 1990, 2, 2006
69, 11, 2, 1995, 1990, 2, 1995
70, 11, 2, 1995, 1990, 2, 1995
71, 11, 2, 1995, 1990, 1, 1987
72, 11, 2, 1995, 1990, 1, 1960
73, 11, 2, 1995, 1990, 2, 2000
74, 11, 1, 1995, 2000, 1, 1998
75, 11, 1, 1995, 2000, 1, 1993
76, 11, 1, 1995, 2000, 2, 2003
77, 11, 1, 1995, 2000, 1, 1998
78, 11, 1, 1995, 2000, 1, 1999
79, 11, 1, 1995, 2000, 1, 1995
80, 11, 1, 1995, 2000, 1, 1996
81, 11, 1, 1995, 2000, 1, 1990
82, 11, 1, 1995, 2000, 1, 1998
83, 11, 1, 1995, 2000, 1, 1990
84, 11, 1, 1995, 2000, 1, 1998
85, 11, 1, 1995, 2000, 1, 1995
86, 11, 1, 1995, 2000, 2, 2001
87, 11, 1, 1995, 2000, 1, 1998
88, 11, 1, 1995, 2000, 1, 1990
89, 11, 1, 1995, 2000, 1, 1995
90, 11, 1, 1995, 2000, 1, 1990
91, 11, 1, 1995, 2000, 2, 2009
92, 11, 1, 1995, 2000, 1, 1986
93, 11, 1, 1995, 2000, 2, 2003
94, 11, 1, 1995, 2000, 2, 2001
95, 11, 1, 1995, 2000, 1, 2001
96, 11, 1, 1995, 2000, 1, 1999
97, 11, 1, 1995, 2000, 1, 1986
98, 11, 1, 1995, 2000, 1, 1995
99, 11, 1, 1995, 2000, 1, 1999
100, 11, 1, 1995, 2000, 1, 1973
101, 11, 1, 1995, 2000, 1, 1995
102, 11, 1, 1995, 2000, 1, 1985
103, 11, 1, 1995, 2000, 2, 2003
104, 11, 1, 1995, 2000, 1, 1995
105, 11, 1, 1995, 2000, 1, 1980
106, 11, 1, 1995, 2000, 1, 1996
107, 11, 1, 1995, 2000, 1, 1999
108, 11, 1, 1995, 2000, 1, 1990
109, 11, 1, 1995, 2000, 1, 1989
110, 11, 1, 1995, 2000, 1, 1999
111, 11, 1, 1995, 2000, 1, 1996
112, 11, 1, 1995, 2000, 1, 1995
113, 11, 1, 1995, 2000, 1, 1950
114, 11, 1, 1995, 2000, 1, 1996
115, 11, 1, 1995, 2000, 1, 1995
116, 11, 1, 1995, 2000, 2, 2002
117, 11, 1, 1995, 2000, 2, 2005
118, 11, 1, 1995, 2000, 1, 1993
119, 11, 1, 1995, 2000, 1, 1995
120, 11, 1, 1995, 2000, 2, 2005
121, 11, 1, 1995, 2000, 2, 2001
122, 11, 1, 1995, 2000, 1, 1995
123, 11, 1, 1995, 2000, 2, 1995
124, 11, 1, 1995, 2000, 2, 2002
125, 11, 1, 1995, 2000, 2, 2001
126, 11, 1, 1995, 2000, 1, 1980
127, 11, 1, 1995, 2000, 1, 1996
128, 11, 1, 1995, 2000, 1, 1997
129, 11, 1, 1995, 2000, 2, 2003
130, 11, 1, 1995, 2000, 2, 1990
131, 11, 1, 1995, 2000, 1, 1995
132, 11, 1, 1995, 2000, 1, 1999
133, 11, 1, 1995, 2000, 1, 1985
134, 11, 1, 1995, 2000, 1, 1996
135, 11, 1, 1995, 2000, 1, 1995
136, 11, 1, 1995, 2000, 1, 1984
137, 11, 1, 1995, 2000, 2, 2003
138, 11, 1, 1995, 2000, 2, 2002
139, 11, 1, 1995, 2000, 1, 1995
140, 11, 1, 1995, 2000, 2, 2005
141, 11, 1, 1995, 2000, 1, 1985
142, 11, 1, 1995, 2000, 1, 1980
143, 11, 1, 1995, 2000, 2, 2001
144, 11, 1, 1995, 2000, 2, 2004
145, 11, 1, 1995, 2000, 1, 1995
146, 11, 1, 1995, 2000, 1, 1999
147, 11, 3, 1995, NaN, NaN, 1999
148, 11, 3, 1995, NaN, NaN, 2000
149, 11, 3, 1995, NaN, NaN, 2001
150, 11, 3, 1995, NaN, NaN, 1995
151, 11, 3, 1995, NaN, NaN, 1999
152, 11, 3, 1995, NaN, NaN, 1970
153, 11, 3, 1995, NaN, NaN, 1991
154, 11, 3, 1995, NaN, NaN, 1987
155, 11, 3, 1995, NaN, NaN, 1995
156, 11, 3, 1995, NaN, NaN, 2002
157, 11, 3, 1995, NaN, NaN, 2001
158, 11, 3, 1995, NaN, NaN, 1990
159, 11, 3, 1995, NaN, NaN, 1991
160, 11, 3, 1995, NaN, NaN, 1998
161, 11, 3, 1995, NaN, NaN, 1995
162, 11, 3, 1995, NaN, NaN, 1990
163, 11, 3, 1995, NaN, NaN, 2002
164, 11, 3, 1995, NaN, NaN, 1985
165, 11, 3, 1995, NaN, NaN, 1989
166, 11, 3, 1995, NaN, NaN, 1995
167, 11, 3, 1995, NaN, NaN, 1993
169, 11, 3, 1995, NaN, NaN, 1995
170, 11, 3, 1995, NaN, NaN, 1990
171, 11, 3, 1995, NaN, NaN, 1998
172, 11, 3, 1995, NaN, NaN, 1995
173, 11, 3, 1995, NaN, NaN, 1996
174, 11, 3, 1995, NaN, NaN, 1996
175, 11, 3, 1995, NaN, NaN, 2005
176, 11, 3, 1995, NaN, NaN, 1991
177, 11, 3, 1995, NaN, NaN, 1998
178, 11, 3, 1995, NaN, NaN, 1960
179, 11, 3, 1995, NaN, NaN, 1990
182, 11, 3, 1995, NaN, NaN, 2000
184, 11, 3, 1995, NaN, NaN, 1967
185, 11, 3, 1995, NaN, NaN, 1980
186, 11, 3, 1995, NaN, NaN, 2009
187, 11, 3, 1995, NaN, NaN, 1975
188, 11, 3, 1995, NaN, NaN, 1990
189, 11, 3, 1995, NaN, NaN, 1997
190, 11, 3, 1995, NaN, NaN, 1970
191, 11, 3, 1995, NaN, NaN, 2001
192, 11, 3, 1995, NaN, NaN, 1993
193, 11, 3, 1995, NaN, NaN, 1995
194, 11, 3, 1995, NaN, NaN, 1987